{"records": [{"spirals": [
{"title":"ISO-1 for Data Discovery - Mandatory","code":"ISO-1_Discovery-Mandatory","description":"This spiral includes mandatory ISO 19115-1 attributes for data discovery. This list of attributes was obtained from table F.1 of the ISO 19115-1 Specification.","maximum":"6","existTotal":"2",
"countTotal":"2",

"items" : [
{
"name":"Resource Title","exists":"1",
"count":"1",

"paths" : [

{"path":"/dcite:resource/dcite:titles/dcite:title","exists":"1",
"count":"1"
}],
"description":"A short description of the resource. The title should be descriptive enough so that when a user is presented with a list of titles the general content of the data set can be determined."},
{
"name":"Abstract","exists":"1",
"count":"1",

"paths" : [

{"path":"/dcite:resource/dcite:descriptions/dcite:description","exists":"1",
"count":"1"
}],
"note":"This concept is called Desciption in Catalog Services for the Web.","description":"A paragraph describing the resource."},
{
"name":"Modified Date","exists":"-1","count":"-1","description":"Date on which the metadata record (not the resource) was created or updated within the catalogue."},
{
"name":"Metadata Contact","exists":"-1","count":"-1","description":"The organization or person currently responsible for the metadata."},
{
"name":"Bounding Box","exists":"-1","count":"-1","note":"This concept is called Coverage in the CSW Specification","description":"A bounding box for identifying a geographic area of interest"},
{
"name":"Topic Category","exists":"-1","count":"-1","description":"High level category enumeration used in ISO"}]
},
{"title":"ISO-1 for Data Discovery - Conditional","code":"ISO-1_Discovery-Conditional","description":"This spiral includes conditional ISO 19115-1 attributes for data discovery. This list of attributes was obtained from table F.1 of the ISO 19115-1 Specification.","maximum":"2","existTotal":"2",
"countTotal":"2",

"items" : [
{
"name":"Resource Language","exists":"1",
"count":"1",

"paths" : [

{"path":"/dcite:resource/dcite:language","exists":"1",
"count":"1"
}],
"description":"The language of the resource."},
{
"name":"Resource Type","exists":"1",
"count":"1",

"paths" : [

{"path":"/dcite:resource/dcite:resourceType","exists":"1",
"count":"1"
}],
"description":"A resource code identifying the type of resource; e.g. dataset, a collection, an application (See MD_ScopeCode) for which the metadata describes."}]
},
{"title":"ISO-1 for Data Discovery - Optional","code":"ISO-1_Discovery-Optional","description":"This spiral includes optional ISO 19115-1 attributes for data discovery. This list of attributes was obtained from table F.1 of the ISO 19115-1 Specification.","maximum":"11","existTotal":"3",
"countTotal":"4",

"items" : [
{
"name":"Metadata Identifier","exists":"-1","count":"-1","description":"A phrase or string which uniquely identifies the metadata file/record."},
{
"name":"Theme Keyword","exists":"1",
"count":"1",

"paths" : [

{"path":"/dcite:resource/dcite:subjects/dcite:subject","exists":"1",
"count":"1"
}],
"note":"The general identification keywords usually have a type of theme and are refered to as theme keywords. Other types and vocabularies are used for other information. Service Entry Resource Format (SERF) requires a Science and a Service GCMD Keyword. This concept is called Subject in the CSW Specification. ","description":"A word or phrase that describes some aspect of a resource. Can be one of several types."},
{
"name":"Resource Creation/Revision Date","exists":"1",
"count":"2",

"paths" : [

{"path":"/dcite:resource/dcite:dates/dcite:date","exists":"1",
"count":"2"
}],
"description":"The date the resource was created"},
{
"name":"Resource Identifier","exists":"1",
"count":"1",

"paths" : [

{"path":"/dcite:resource/dcite:identifier","exists":"1",
"count":"1"
}],
"description":"Identifier for the resource described by the metadata"},
{
"name":"Resource Contact","exists":"-1","count":"-1","description":"The organization or person responsible for answering questions about the resource."},
{
"name":"Spatial Resolution","exists":"-1","count":"-1","description":"The nominal scale and/or spatial resolution of the resource."},
{
"name":"Temporal Extent","exists":"-1","count":"-1","description":"The temporal extent of the resource"},
{
"name":"Vertical Extent","exists":"-1","count":"-1","description":"The vertical extent of the resource"},
{
"name":"Resource Lineage","exists":"-1","count":"-1","description":"A description of the source(s) and production process(es) used in producing the resource."},
{
"name":"Resource on-line Link","exists":"-1","count":"-1","description":"Online link referencing additional information about the resource."},
{
"name":"Metadata Use Constraints","exists":"-1","count":"-1","description":"Information about how the data may or may not be used after access is granted to assure the protection of privacy or intellectual property. This includes any special restrictions, legal prerequisites, terms and conditions, and/or limitations on using the data set. Data providers may request acknowledgement of the data from users and claim no responsibility for quality and completeness of data."}]
}],"Record":"file:/Users/scgordon/NCAR_UCAR_DSET/Labs/CISL/DCITE/XML/D6WD3XH5.xml",
"Date":"2015-12-13-07:00",
"rubricType":"ISO-1","rubricVersion":"0.1","rubricMax":"19","rubricExists":"7",
"rubricCounts":"8"
}]}