<?xml version="1.0"?>
<resource xmlns="http://datacite.org/schema/kernel-3" xmlns:xsi="http://www.w3.org/2001/XMLSchema-instance" xsi:schemaLocation="http://datacite.org/schema/kernel-2.2 http://schema.datacite.org/meta/kernel-2.2/metadata.xsd">
    <identifier identifierType="DOI">10.5065/D6WD3XH5</identifier>
    <creators>
        <creator>
            <creatorName>Brown, Dave</creatorName>
        </creator>
        <creator>
            <creatorName>Brownrigg, Richard</creatorName>
        </creator>
        <creator>
            <creatorName>Haley, Mary</creatorName>
        </creator>
        <creator>
            <creatorName>Huang, Wei</creatorName>
        </creator>
    </creators>
    <titles>
        <title>NCAR Command Language (NCL)</title>
    </titles>
    <publisher>UCAR/NCAR - Computational and Information Systems Laboratory (CISL)</publisher>
    <publicationYear>2012</publicationYear>
    <subjects>
        <subject>Data analysis and visualization</subject>
    </subjects>
    <contributors>
        <contributor contributorType="ContactPerson">
            <contributorName>Mary Haley, haley@ucar.edu</contributorName>
        </contributor>
        <contributor contributorType="ProjectMember">
            <contributorName>Shea, Dennis</contributorName>
        </contributor>
        <contributor contributorType="ProjectMember">
            <contributorName>Phillips, Adam</contributorName>
        </contributor>
        <contributor contributorType="Researcher">
            <contributorName>Bruyere, Cindy</contributorName>
        </contributor>
        <contributor contributorType="Researcher">
            <contributorName>Fredrick, Sherrie</contributorName>
        </contributor>
        <contributor contributorType="HostingInstitution">
            <contributorName>University Corporation For Atmospheric Research (UCAR):National Center for Atmospheric Research (NCAR):Computational and Information Systems Laboratory (CISL):Technology Development Division (TDD):Visualization and Enabling Technologies Section (VETS)</contributorName>
        </contributor>
        <contributor contributorType="HostingInstitution">
            <contributorName>University Corporation For Atmospheric Research (UCAR):National Center for Atmospheric Research (NCAR):NCAR Earth System Laboratory (NESL)</contributorName>
        </contributor>
    </contributors>
    <dates>
        <date dateType="Created">1995</date>
        <date dateType="Copyrighted">2012</date>
    </dates>
    <language>eng</language>
    <resourceType resourceTypeGeneral="Software">Data analysis and visualization software</resourceType>
    <formats>
        <format>NCL supports the following data formats - NetCDF, HDF4, HDF5, HDF-EOS2, HDF-EOS5, GRIB1, GRIB2, shapefiles.</format>
    </formats>
    <version>6.0.0</version>
    <rights>Copyright UCAR 2012, Released under the NCSA Open Source License.</rights>
    <descriptions>
        <description descriptionType="Other">NCL is a scripting language designed for the analysis and visualization of geoscientific data. It supports a wide range of data formats, has hundreds of computational functions that are tailored for climate science, and its visualizations are publication quality and highly customizable.</description>
    </descriptions>
</resource>
