<?xml version="1.0" encoding="UTF-8"?>
<dsOverview xmlns:xsi="http://www.w3.org/2001/XMLSchema-instance"
            xmlns="http://www.openarchives.org/OAI/2.0/"
            xsi:schemaLocation="http://rda.ucar.edu/schemas                                         http://rda.ucar.edu/schemas/dsOverview.xsd"
            ID="319.3"
            type="primary">
   <timeStamp value="2008-06-25 11:10:50 -0600"/>
   <continuingUpdate value="no"/>
   <access pricingRate="standard">all_free</access>
   <title>Climate Model Products from Germany's Deutches Klimarechenzentrum</title>
   <summary>
      <p>This dataset contains climate model output from Deutches
              Klimarechenzentrum (DKRZ) in Germany.  The model output consists
              of monthly mean grids for several variables from three runs of
              the ECHAM4 model.  The three runs are a <i>control</i> (constant
              atmospheric forcing) run, a <i>greenhouse gas</i> run which
              assumes a compounded 1%/year increase in CO<sub>2</sub>, and
              an <i>aerosol</i> run which combines CO<sub>2</sub> and
              sulphate aerosol concentrations.  The model is run at T42
              resolution, resulting in a 128x64 latitude/longitude gaussian
              output grid (approximately 2.8-degree by 2.8-degree
              resolution).  The grids are in GRIB format (Edition 1).</p>
      <p>DSS has computed decadal means for each decade-month from the
              monthly mean grids.  The decade means are computed from years 0
              through 9 of each decade.  We also computed smoothed decadal
              means by computing 30-year running means of the decadal mean
              grids.  Because of the large variability in the decadal means of
              variables such as precipitation, we recommend using the 30-year
              (smoothed decadal) means and applying them to the year at the
              middle of the 30-year period (i.e. - the 30-year mean for
              2070-2099 should be applied at year 2085).</p>
   </summary>
   <creator vocabulary="GCMD"
            name="UCAR/NCAR/CISL/DSS &gt; Data Support Section, Computational and Information Systems Laboratory, National Center for Atmospheric Research, University Corporation for Atmospheric Research"/>
   <contributor vocabulary="GCMD"
                name="DE/MER/DKRZ &gt; Deutsches Klimarechenzentrum GmbH, Ministry of Education and Research, Germany"/>
   <variable vocabulary="GCMD">EARTH SCIENCE &gt; Atmosphere &gt; Altitude &gt; Geopotential Height</variable>
   <variable vocabulary="GCMD">EARTH SCIENCE &gt; Atmosphere &gt; Atmospheric Temperature &gt; Air Temperature</variable>
   <variable vocabulary="GCMD">EARTH SCIENCE &gt; Atmosphere &gt; Atmospheric Temperature &gt; Maximum/Minimum Temperature</variable>
   <variable vocabulary="GCMD">EARTH SCIENCE &gt; Atmosphere &gt; Atmospheric Temperature &gt; Surface Air Temperature</variable>
   <variable vocabulary="GCMD">EARTH SCIENCE &gt; Land Surface &gt; Land Temperature &gt; Skin Temperature</variable>
   <variable vocabulary="GCMD">EARTH SCIENCE &gt; Atmosphere &gt; Atmospheric Water Vapor &gt; Dew Point Temperature</variable>
   <variable vocabulary="GCMD">EARTH SCIENCE &gt; Atmosphere &gt; Atmospheric Winds &gt; Upper Level Winds</variable>
   <variable vocabulary="GCMD">EARTH SCIENCE &gt; Atmosphere &gt; Atmospheric Pressure &gt; Sea Level Pressure</variable>
   <variable vocabulary="GCMD">EARTH SCIENCE &gt; Atmosphere &gt; Atmospheric Water Vapor &gt; Humidity</variable>
   <variable vocabulary="GCMD">EARTH SCIENCE &gt; Atmosphere &gt; Precipitation &gt; Precipitation Amount</variable>
   <variable vocabulary="GCMD">EARTH SCIENCE &gt; Atmosphere &gt; Atmospheric Radiation &gt; Shortwave Radiation</variable>
   <variable vocabulary="GCMD">EARTH SCIENCE &gt; Atmosphere &gt; Atmospheric Radiation &gt; Longwave Radiation</variable>
   <variable vocabulary="GCMD">EARTH SCIENCE &gt; Land Surface &gt; Surface Radiative Properties &gt; Albedo</variable>
   <variable vocabulary="GCMD">EARTH SCIENCE &gt; Atmosphere &gt; Atmospheric Winds &gt; Surface Winds</variable>
   <variable vocabulary="GCMD">EARTH SCIENCE &gt; Atmosphere &gt; Atmospheric Water Vapor &gt; Evaporation</variable>
   <variable vocabulary="GCMD">EARTH SCIENCE &gt; Land Surface &gt; Soils &gt; Soil Moisture/Water Content</variable>
   <variable vocabulary="GCMD">EARTH SCIENCE &gt; Atmosphere &gt; Clouds &gt; Cloud Amount/Frequency</variable>
   <variable vocabulary="GCMD">EARTH SCIENCE &gt; Hydrosphere &gt; Snow/Ice &gt; Snow Depth</variable>
   <contact>Bob Dattore</contact>
   <platform vocabulary="GCMD">MODELS</platform>
   <platform vocabulary="GCMD">CLIMATE MODELS</platform>
   <supportsProject vocabulary="GCMD">IPCC &gt; Intergovernmental Panel on Climate Change</supportsProject>
   <topic vocabulary="ISO">climatologyMeteorologyAtmosphere</topic>
   <relatedDataset ID="319.1"/>
   <relatedDataset ID="319.2"/>
   <publicationDate>1998-07-14</publicationDate>
   <contentMetadata>
      <temporal start="1860-01" end="2159-12" groupID="Entire Dataset"/>
      <dataType>grid</dataType>
      <format>WMO_GRIB1</format>
      <levels>
         <level type="Mean sea level" value="0" units=""/>
         <level type="Ground or water surface" value="0" units=""/>
         <level type="Specified height above ground or water surface"
                value="2"
                units="m"/>
         <level type="Specified height above ground or water surface"
                value="10"
                units="m"/>
         <level type="Isobaric level" value="1000" units="mbar"/>
         <level type="Isobaric level" value="850" units="mbar"/>
         <level type="Isobaric level" value="500" units="mbar"/>
         <level type="Isobaric level" value="200" units="mbar"/>
         <level type="Top of atmosphere" value="0" units=""/>
      </levels>
   </contentMetadata>
</dsOverview>
