<?xml version="1.0" encoding="UTF-8"?>
<dsOverview xmlns:xsi="http://www.w3.org/2001/XMLSchema-instance"
            xmlns="http://www.openarchives.org/OAI/2.0/"
            xsi:schemaLocation="http://rda.ucar.edu/schemas                                         http://rda.ucar.edu/schemas/dsOverview.xsd"
            ID="495.0"
            type="primary">
   <timeStamp value="2008-04-28 16:19:09 -0600"/>
   <continuingUpdate value="no"/>
   <access pricingRate="standard">none_free</access>
   <title>FSL/PROFS Experimental Mesonet, along the front range of Colorado , May1985-Jun1994</title>
   <summary>
      <p>The Forecast Systems Laboratory (FSL) (formerly PROFS) had
              operated a 22-station experimental surface mesoscale meteorological
              network (Mesonet) along the front range of Colorado from May 1985
              to Jun 1994.</p>
   </summary>
   <creator vocabulary="GCMD"
            name="UCAR/NCAR/CISL/DSS &gt; Data Support Section, Computational and Information Systems Laboratory, National Center for Atmospheric Research, University Corporation for Atmospheric Research"/>
   <contributor vocabulary="GCMD"
                name="DOC/NOAA/OAR/FSL &gt; Forecast Systems Laboratory, OAR, NOAA, U.S. Department of Commerce"/>
   <variable vocabulary="GCMD">EARTH SCIENCE &gt; Atmosphere &gt; Atmospheric Temperature &gt; Air Temperature</variable>
   <variable vocabulary="GCMD">EARTH SCIENCE &gt; Atmosphere &gt; Atmospheric Water Vapor &gt; Dew Point Temperature</variable>
   <variable vocabulary="GCMD">EARTH SCIENCE &gt; Atmosphere &gt; Atmospheric Winds &gt; Surface Winds</variable>
   <variable vocabulary="GCMD">EARTH SCIENCE &gt; Atmosphere &gt; Atmospheric Water Vapor &gt; Humidity</variable>
   <variable vocabulary="GCMD">EARTH SCIENCE &gt; Atmosphere &gt; Precipitation &gt; Precipitation Amount</variable>
   <variable vocabulary="GCMD">EARTH SCIENCE &gt; Atmosphere &gt; Atmospheric Radiation &gt; Shortwave Radiation</variable>
   <variable vocabulary="GCMD">EARTH SCIENCE &gt; Atmosphere &gt; Atmospheric Pressure &gt; Surface Pressure</variable>
   <contact>Chi-Fan Shih</contact>
   <platform vocabulary="GCMD">PROFS &gt; Program for Regional Observing and Forecast Systems Mesonet</platform>
   <topic vocabulary="ISO">climatologyMeteorologyAtmosphere</topic>
   <publicationDate>2003-08-15</publicationDate>
   <contentMetadata>
      <temporal start="1985-05-01 00:00 +0000"
                end="1994-06-30 23:00 +0000"
                groupID="Entire Dataset"/>
      <temporalFrequency type="regular" number="5" unit="minute"/>
      <dataType>platform_observation</dataType>
      <format>proprietary_Binary</format>
      <levels>
         <level type="Ground or water surface" value="0" units=""/>
      </levels>
      <geospatialCoverage>
         <location>Continent &gt; North America &gt; United States Of America &gt; Colorado</location>
      </geospatialCoverage>
   </contentMetadata>
</dsOverview>
