<?xml version="1.0" encoding="UTF-8"?>
<dsOverview xmlns:xsi="http://www.w3.org/2001/XMLSchema-instance"
            xmlns="http://www.openarchives.org/OAI/2.0/"
            xsi:schemaLocation="http://rda.ucar.edu/schemas                                         http://rda.ucar.edu/schemas/dsOverview.xsd"
            ID="115.6"
            type="primary">
   <timeStamp value="2015-02-06 21:01:01 -0700"/>
   <continuingUpdate value="no"/>
   <title>ECMWF Re-analysis Advanced Model Level Moisture Analyses, January 1979 to December 1993</title>
   <summary>
      <p>This dataset contains high resolution moisture grids from the ECMWF
              reanalysis project.  The grids are all on a reduced gaussian (N80) grid
              with an approximate resolution of 1.125 degrees.</p>
      <p>More recent reanalyses have been run by ECMWF and are available in the <a href="http://rda.ucar.edu/#!lfd?nb=y&amp;b=proj&amp;v=ECMWF+ERA40+Reanalysis+Project">ERA-40</a> and the <a href="http://rda.ucar.edu/datasets/ds627.0/">ERA-Interim</a> datasets.</p>
   </summary>
   <creator vocabulary="GCMD"
            name="UCAR/NCAR/CISL/DSS &gt; Data Support Section, Computational and Information Systems Laboratory, National Center for Atmospheric Research, University Corporation for Atmospheric Research"/>
   <contributor vocabulary="GCMD"
                name="ECMWF &gt; European Centre for Medium-Range Weather Forecasts"
                citable="yes"/>
   <restrictions>
      <access>
         <p>We are allowed to distribute this data to US scientists, scientists visiting US organizations, and Canadian scientists affiliated with UCAR member organizations only.  </p>
      </access>
      <usage>
         <p>This data must not be used for commercial purposes.  ECMWF must be given credit in any publications in which this data is used.</p>
      </usage>
   </restrictions>
   <variable vocabulary="GCMD">EARTH SCIENCE &gt; Atmosphere &gt; Clouds &gt; Cloud Amount/Frequency</variable>
   <variable vocabulary="GCMD">EARTH SCIENCE &gt; Atmosphere &gt; Clouds &gt; Cloud Liquid Water/Ice</variable>
   <variable vocabulary="GCMD">EARTH SCIENCE &gt; Atmosphere &gt; Atmospheric Water Vapor &gt; Humidity</variable>
   <contact>Steven Worley</contact>
   <platform vocabulary="GCMD">ERA15DAS &gt; ERA15 Data Assimilation System</platform>
   <platform vocabulary="GCMD">MODELS</platform>
   <topic vocabulary="ISO">climatologyMeteorologyAtmosphere</topic>
   <relatedResource url="http://www.ecmwf.int/en/research/climate-reanalysis">ECMWF's Climate Reanalysis web page</relatedResource>
   <relatedDataset ID="117.0"/>
   <relatedDataset ID="118.0"/>
   <relatedDataset ID="627.0"/>
   <publicationDate>1998-06-19</publicationDate>
   <contentMetadata>
      <temporal start="1979-01-01 00:00 +0000"
                end="1993-12-31 18:00 +0000"
                groupID="Entire Dataset"/>
      <temporalFrequency type="regular" number="6" unit="hour"/>
      <dataType>grid</dataType>
      <dataType>platform_observation</dataType>
      <format href="http://dss.ucar.edu/docs/formats/grib/gribdoc/">WMO_GRIB1</format>
      <geospatialCoverage>
         <grid definition="gaussLatLon"
               numX="-1"
               numY="160"
               startLon="0E"
               startLat="89.141N"
               endLon="358.875E"
               endLat="89.141S"
               xRes="1.125"/>
      </geospatialCoverage>
   </contentMetadata>
</dsOverview>
