<?xml version="1.0" encoding="UTF-8"?>
<dsOverview xmlns:xsi="http://www.w3.org/2001/XMLSchema-instance"
            xmlns="http://www.openarchives.org/OAI/2.0/"
            xsi:schemaLocation="http://rda.ucar.edu/schemas                                         http://rda.ucar.edu/schemas/dsOverview.xsd"
            ID="277.2"
            type="primary">
   <timeStamp value="2015-02-10 20:58:18 -0700"/>
   <continuingUpdate value="no"/>
   <title>Global Sea Ice and SST (GISST) Analyses, from the Hadley Centre for Climate Prediction and Research</title>
   <summary>
      <p>
         <b>NOTE: The GISST time series will be discontinued on February 2003.
              <a href="http://rda.ucar.edu/datasets/ds277.3/"> HadISST </a>, also from
              the Hadley Centre for Climate Prediction and Research, is a superior product.
              We recommend the usage of HadISST over GISST. </b>
      </p>
      <p>
              Monthly long-term global SST and sea ice analysis.
              <i> In situ </i> sea surface observations and satellite derived
              estimates at the sea surface are included in the analysis.
              SST bucket corrections
              have been applied to gridded fields from 1871 through 1941.
              And a blend of satellite AVHRR (for SST),
              SSM/I (for ice), and observations are used in the modern periods.
              </p>
      <p>
         <b>Access to GISST 2.3B has proprietary restrictions.</b>
              Users
              must register with the authors before receiving the data.
              This is easy to do.
              Simply print a copy of the 
              <a href="http://rda.ucar.edu/datasets/ds277.2/docs/restr_form">
              registration form</a>)
              and follow the FAX instructions.  When this is completed
              contact Steve Worley (NCAR)
              <a href="mailto:worley@ucar.edu">worley@ucar.edu</a>
              and the data will be made available.
              </p>
   </summary>
   <creator vocabulary="GCMD"
            name="UCAR/NCAR/CISL/DSS &gt; Data Support Section, Computational and Information Systems Laboratory, National Center for Atmospheric Research, University Corporation for Atmospheric Research"/>
   <contributor vocabulary="GCMD"
                name="GB/MOD/MET/HADLEY &gt; Hadley Centre for Climate Prediction and Research, Met Office, Ministry of Defence, United Kingdom"
                contact="David Parker;Nick Rayner"
                citable="yes"/>
   <variable vocabulary="GCMD">EARTH SCIENCE &gt; Oceans &gt; Ocean Temperature &gt; Sea Surface Temperature</variable>
   <contact>Steven Worley</contact>
   <platform vocabulary="GCMD">GRIDDING METHODS</platform>
   <topic vocabulary="ISO">oceans</topic>
   <publicationDate>1995-05-31</publicationDate>
   <contentMetadata>
      <temporal start="1871" end="2002" groupID="Entire Dataset"/>
      <dataType process="analysis">grid</dataType>
      <format>proprietary_ASCII</format>
      <levels>
         <level type="Ground or water surface" value="0"/>
      </levels>
      <geospatialCoverage>
         <grid definition="latLon"
               numX="360"
               numY="180"
               startLon="179.5W"
               startLat="89.5N"
               endLon="179.5E"
               endLat="89.5S"
               xRes="1"
               yRes="1"/>
      </geospatialCoverage>
   </contentMetadata>
</dsOverview>
