<?xml version="1.0" encoding="UTF-8"?>
<dsOverview xmlns:xsi="http://www.w3.org/2001/XMLSchema-instance"
            xmlns="http://www.openarchives.org/OAI/2.0/"
            xsi:schemaLocation="http://rda.ucar.edu/schemas                                         http://rda.ucar.edu/schemas/dsOverview.xsd"
            ID="606.3"
            type="primary">
   <timeStamp value="2015-02-11 16:47:51 -0700"/>
   <continuingUpdate value="no"/>
   <title>TOGA COARE Convection and Mesoscale Data</title>
   <summary>
      <p>This dataset contains convection and mesoscale data obtained
              during TOGA COARE.  For other TOGA COARE data archives, see the <a href="http://www.eol.ucar.edu/projects/toga_coare/data.html">UCAR/EOL TOGA COARE Project Page</a>, which contains a link to other archives.</p>
   </summary>
   <creator vocabulary="GCMD"
            name="UCAR/NCAR/CISL/DSS &gt; Data Support Section, Computational and Information Systems Laboratory, National Center for Atmospheric Research, University Corporation for Atmospheric Research"/>
   <contributor vocabulary="GCMD"
                name="DOC/NOAA/NESDIS/COARE &gt; TOGA COARE Data Information System, NESDIS, NOAA, U.S. Department of Commerce"
                citable="yes"/>
   <variable vocabulary="GCMD">EARTH SCIENCE &gt; Atmosphere &gt; Atmospheric Phenomena &gt; Lightning</variable>
   <variable vocabulary="GCMD">EARTH SCIENCE &gt; Atmosphere &gt; Precipitation &gt; Precipitation Amount</variable>
   <variable vocabulary="GCMD">EARTH SCIENCE &gt; Atmosphere &gt; Atmospheric Winds &gt; Boundary Layer Winds</variable>
   <variable vocabulary="GCMD">EARTH SCIENCE &gt; Atmosphere &gt; Atmospheric Winds &gt; Upper Level Winds</variable>
   <variable vocabulary="GCMD">EARTH SCIENCE &gt; Atmosphere &gt; Atmospheric Temperature &gt; Air Temperature</variable>
   <contact>Bob Dattore</contact>
   <platform vocabulary="GCMD">OCEAN WEATHER STATIONS</platform>
   <platform vocabulary="GCMD">SHIPS</platform>
   <platform vocabulary="GCMD">MOVING SHIPS</platform>
   <project vocabulary="GCMD">TOGA COARE &gt; TOGA Coupled Ocean Atmosphere Response Experiment</project>
   <topic vocabulary="ISO">climatologyMeteorologyAtmosphere</topic>
   <relatedDataset ID="606.1"/>
   <relatedDataset ID="606.2"/>
   <relatedDataset ID="606.4"/>
   <relatedDataset ID="606.5"/>
   <publicationDate>1996-08-22</publicationDate>
   <contentMetadata>
      <temporal start="1992-11" end="1993-02" groupID="Entire Dataset"/>
      <dataType>platform_observation</dataType>
      <format>proprietary_Binary</format>
   </contentMetadata>
</dsOverview>
