<?xml version="1.0" encoding="UTF-8"?>
<dsOverview xmlns:xsi="http://www.w3.org/2001/XMLSchema-instance"
            xmlns="http://www.openarchives.org/OAI/2.0/"
            xsi:schemaLocation="http://rda.ucar.edu/schemas                                         http://rda.ucar.edu/schemas/dsOverview.xsd"
            ID="366.0"
            type="primary">
   <timeStamp value="2015-02-10 21:07:31 -0700"/>
   <doi>10.5065/D66T0JN6</doi>
   <continuingUpdate value="no"/>
   <title>ERA-40 Global Upper Air Radiosonde Observation Feedback Record Reports</title>
   <summary>
      <p>ERA-40 Global Upper Air Radiosonde Observation Feedback Record Reports include 6 hourly upper air radiosonde observation (RAOB)
              feedback record reports from RAOBs used in the ECMWF 45-year reanalysis (ERA-40)
              covering the period from September 1957 to August 2002.  RAOBs, from multiple data
              sources, were assimilated into an ECMWF model and produced ERA-40.  Select variables found in the reports include temperature, pressure, height, relative humidity, specific humidity, zonal wind, and meridional wind speed components. Data may be available at mandatory or significant levels from 1000 millibars to 1 millibars. The metadata generated
              during the ERA-40 quality control data assimilation process were appended to the input observations.
              The final combination of input observations and feedback metadata are called feedback record reports.
              </p>
   </summary>
   <creator vocabulary="GCMD"
            name="UCAR/NCAR/CISL/DSS &gt; Data Support Section, Computational and Information Systems Laboratory, National Center for Atmospheric Research, University Corporation for Atmospheric Research"/>
   <contributor vocabulary="GCMD"
                name="ECMWF &gt; European Centre for Medium-Range Weather Forecasts"
                citable="yes"/>
   <restrictions>
      <access>
         <p>We are allowed to distribute this data to US scientists, scientists visiting US organizations, and Canadian scientists affiliated with UCAR member organizations only.</p>
      </access>
      <usage>
         <p>This data must not be used for commercial purposes.  ECMWF must be given credit in any publications in which this data is used.</p>
      </usage>
   </restrictions>
   <variable vocabulary="GCMD">EARTH SCIENCE &gt; Atmosphere &gt; Atmospheric Temperature &gt; Air Temperature</variable>
   <variable vocabulary="GCMD">EARTH SCIENCE &gt; Atmosphere &gt; Altitude &gt; Geopotential Height</variable>
   <variable vocabulary="GCMD">EARTH SCIENCE &gt; Atmosphere &gt; Atmospheric Winds &gt; Upper Level Winds</variable>
   <variable vocabulary="GCMD">EARTH SCIENCE &gt; Atmosphere &gt; Atmospheric Water Vapor &gt; Humidity</variable>
   <variable vocabulary="GCMD">EARTH SCIENCE &gt; Atmosphere &gt; Atmospheric Water Vapor &gt; Dew Point Temperature</variable>
   <variable vocabulary="GCMD">EARTH SCIENCE &gt; Atmosphere &gt; Atmospheric Pressure &gt; Atmospheric Pressure Measurements</variable>
   <contact>Doug Schuster</contact>
   <platform vocabulary="GCMD">FIXED OBSERVATION STATIONS</platform>
   <platform vocabulary="GCMD">GROUND STATIONS</platform>
   <platform vocabulary="GCMD">METEOROLOGICAL STATIONS</platform>
   <platform vocabulary="GCMD">WEATHER STATIONS</platform>
   <platform vocabulary="GCMD">OCEAN WEATHER STATIONS</platform>
   <platform vocabulary="GCMD">SHIPS</platform>
   <platform vocabulary="GCMD">FIXED SHIPS</platform>
   <platform vocabulary="GCMD">MOVING SHIPS</platform>
   <platform vocabulary="GCMD">AIRCRAFT</platform>
   <topic vocabulary="ISO">climatologyMeteorologyAtmosphere</topic>
   <referenceURL url="http://www.ecmwf.int/publications/library/do/references/list/192">ERA40 Report Series</referenceURL>
   <relatedResource url="http://www.ecmwf.int/en/research/climate-reanalysis">ECMWF's Climate Reanalysis home page</relatedResource>
   <relatedDataset ID="476.0"/>
   <publicationDate>2005-08-09</publicationDate>
   <contentMetadata>
      <temporal start="1957-09-01" end="2002-08-31" groupID="Entire Dataset"/>
      <temporalFrequency type="regular" number="6" unit="hour"/>
      <temporalFrequency type="regular" number="12" unit="hour"/>
      <dataType>location</dataType>
      <dataType>platform_observation</dataType>
      <format>proprietary_ASCII</format>
      <levels>
         <level type="Tropopause level" value="0"/>
         <level type="Ground or water surface" value="0"/>
         <level type="Isobaric level" value="1000" units="mbar"/>
         <level type="Isobaric level" value="925" units="mbar"/>
         <level type="Isobaric level" value="850" units="mbar"/>
         <level type="Isobaric level" value="700" units="mbar"/>
         <level type="Isobaric level" value="500" units="mbar"/>
         <level type="Isobaric level" value="300" units="mbar"/>
         <level type="Isobaric level" value="200" units="mbar"/>
         <level type="Isobaric level" value="50" units="mbar"/>
      </levels>
      <geospatialCoverage>
         <location>Geographic Region &gt; Global</location>
      </geospatialCoverage>
   </contentMetadata>
</dsOverview>
