<?xml version="1.0" encoding="UTF-8"?>
<dsOverview xmlns:xsi="http://www.w3.org/2001/XMLSchema-instance"
            xmlns="http://www.openarchives.org/OAI/2.0/"
            xsi:schemaLocation="http://rda.ucar.edu/schemas                                         http://rda.ucar.edu/schemas/dsOverview.xsd"
            ID="318.5"
            type="primary">
   <timeStamp value="2008-06-24 18:20:11 -0600"/>
   <continuingUpdate value="no"/>
   <access pricingRate="standard">all_free</access>
   <title>Oregon State University Climate Model Products for Carbon Dioxide Studies</title>
   <summary>
      <p>This dataset contains climate model outputs from Oregon State University.</p>
   </summary>
   <creator vocabulary="GCMD"
            name="UCAR/NCAR/CISL/DSS &gt; Data Support Section, Computational and Information Systems Laboratory, National Center for Atmospheric Research, University Corporation for Atmospheric Research"/>
   <contributor vocabulary="GCMD"
                name="OR-STATE/COAS &gt; College of Oceanic and Atmospheric Sciences, Oregon State University"/>
   <variable vocabulary="GCMD">EARTH SCIENCE &gt; Atmosphere &gt; Atmospheric Pressure &gt; Sea Level Pressure</variable>
   <variable vocabulary="GCMD">EARTH SCIENCE &gt; Atmosphere &gt; Atmospheric Winds &gt; Surface Winds</variable>
   <variable vocabulary="GCMD">EARTH SCIENCE &gt; Atmosphere &gt; Atmospheric Temperature &gt; Surface Air Temperature</variable>
   <variable vocabulary="GCMD">EARTH SCIENCE &gt; Hydrosphere &gt; Surface Water &gt; Runoff</variable>
   <variable vocabulary="GCMD">EARTH SCIENCE &gt; Atmosphere &gt; Atmospheric Water Vapor &gt; Humidity</variable>
   <variable vocabulary="GCMD">EARTH SCIENCE &gt; Atmosphere &gt; Clouds &gt; Cloud Amount/Frequency</variable>
   <variable vocabulary="GCMD">EARTH SCIENCE &gt; Atmosphere &gt; Precipitation &gt; Precipitation Amount</variable>
   <variable vocabulary="GCMD">EARTH SCIENCE &gt; Atmosphere &gt; Atmospheric Water Vapor &gt; Evaporation</variable>
   <variable vocabulary="GCMD">EARTH SCIENCE &gt; Atmosphere &gt; Atmospheric Radiation &gt; Solar Irradiance</variable>
   <contact>Bob Dattore</contact>
   <platform vocabulary="GCMD">MODELS</platform>
   <platform vocabulary="GCMD">CLIMATE MODELS</platform>
   <supportsProject vocabulary="GCMD">USCSP &gt; U.S. Country Studies Program</supportsProject>
   <topic vocabulary="ISO">climatologyMeteorologyAtmosphere</topic>
   <reference type="journal">
      <authorList>Schlesinger, M.E. and Z.-c. Zhao</authorList>
      <year>1988</year>
      <title>Seasonal Climate Changes Induced by Doubled CO2 as Simulated by the OSU Atmospheric GCM/Mixed-layer Ocean Model</title>
      <periodical number="2" pages="459-495">J. Climate</periodical>
   </reference>
   <reference type="technical_report">
      <authorList>Ghan, S.J., et al.</authorList>
      <year>1982</year>
      <title>A Documentation of the OSU Two-level Atmospheric GCM</title>
      <organization reportID="CRI Report 35" pages="395">Oregon State University</organization>
   </reference>
   <publicationDate>2008-06-17</publicationDate>
   <contentMetadata>
      <temporal start="9998" end="9998" groupID="Entire Dataset"/>
      <temporalFrequency type="climatology" unit="month"/>
      <dataType>grid</dataType>
      <format>proprietary_Binary</format>
      <levels>
         <level type="Ground or water surface" value="0" units=""/>
      </levels>
      <geospatialCoverage>
         <grid definition="latLon"
               numX="72"
               numY="46"
               startLon="0E"
               startLat="90S"
               endLon="355E"
               endLat="90N"
               xRes="5"
               yRes="4"/>
      </geospatialCoverage>
   </contentMetadata>
</dsOverview>
