<?xml version="1.0" encoding="UTF-8"?>
<dsOverview xmlns:xsi="http://www.w3.org/2001/XMLSchema-instance"
            xmlns="http://www.openarchives.org/OAI/2.0/"
            xsi:schemaLocation="http://rda.ucar.edu/schemas                                         http://rda.ucar.edu/schemas/dsOverview.xsd"
            ID="195.1"
            type="primary">
   <timeStamp value="2015-02-10 21:49:44 -0700"/>
   <continuingUpdate value="yes" frequency="quarterly"/>
   <title>Daily 5-Degree Northern Hemisphere Time Series Tropospheric Analyses, continuing from 1946</title>
   <summary>
      <p>The polar-stereographic grids in <a href="http://rda.ucar.edu/datasets/ds195.0/"> ds195.0</a> were
              interpolated to create this dataset of 5-degree Northern
              Hemisphere latitude/longitude grids until 1976, when the
              National Meteorological Center (NMC) began producing its
              operational analyses on a latitude/longitude grid.</p>
   </summary>
   <creator vocabulary="GCMD"
            name="UCAR/NCAR/CISL/DSS &gt; Data Support Section, Computational and Information Systems Laboratory, National Center for Atmospheric Research, University Corporation for Atmospheric Research"/>
   <contributor vocabulary="GCMD"
                name="UCAR/NCAR/CISL/DSS &gt; Data Support Section, Computational and Information Systems Laboratory, National Center for Atmospheric Research, University Corporation for Atmospheric Research"
                formerName="UCAR/NCAR/CISL/DSS &gt; Data Support Section, Scientific Computing Division, National Center for Atmospheric Research, University Corporation for Atmospheric Research"
                citable="no"/>
   <contributor vocabulary="GCMD"
                name="DOD/USNAVY/FNMOC &gt; Fleet Numerical Meteorology and Oceanography Center, U.S. Navy, U. S. Department of Defense"
                citable="no"/>
   <contributor vocabulary="GCMD"
                name="DOC/NOAA/NWS/NCEP &gt; National Centers for Environmental Prediction, National Weather Service, NOAA, U.S. Department of Commerce"
                citable="no"/>
   <variable vocabulary="GCMD">EARTH SCIENCE &gt; Atmosphere &gt; Atmospheric Temperature &gt; Air Temperature</variable>
   <variable vocabulary="GCMD">EARTH SCIENCE &gt; Atmosphere &gt; Atmospheric Temperature &gt; Virtual Temperature</variable>
   <variable vocabulary="GCMD">EARTH SCIENCE &gt; Atmosphere &gt; Altitude &gt; Geopotential Height</variable>
   <variable vocabulary="GCMD">EARTH SCIENCE &gt; Atmosphere &gt; Atmospheric Pressure &gt; Sea Level Pressure</variable>
   <variable vocabulary="GCMD">EARTH SCIENCE &gt; Atmosphere &gt; Atmospheric Winds &gt; Upper Level Winds</variable>
   <variable vocabulary="GCMD">EARTH SCIENCE &gt; Atmosphere &gt; Atmospheric Water Vapor &gt; Humidity</variable>
   <variable vocabulary="GCMD">EARTH SCIENCE &gt; Oceans &gt; Ocean Temperature &gt; Sea Surface Temperature</variable>
   <variable vocabulary="GCMD">EARTH SCIENCE &gt; Atmosphere &gt; Atmospheric Winds &gt; Vertical Wind Motion</variable>
   <contact>Bob Dattore</contact>
   <platform vocabulary="GCMD">MODELS</platform>
   <platform vocabulary="GCMD">OPERATIONAL MODELS</platform>
   <project vocabulary="GCMD">ESSPO &gt; 433L ESSPO</project>
   <topic vocabulary="ISO">climatologyMeteorologyAtmosphere</topic>
   <relatedDataset ID="085.1"/>
   <relatedDataset ID="195.0"/>
   <relatedDataset ID="085.0"/>
   <publicationDate>1985-04-03</publicationDate>
   <contentMetadata>
      <temporal start="1946-01-01 12:00 +0000"
                end="2009-12-31 12:00 +0000"
                groupID="Entire Dataset"/>
      <temporalFrequency type="regular" number="1" unit="day"/>
      <temporalFrequency type="regular" number="12" unit="hour"/>
      <temporalFrequency type="regular" number="8" unit="hour"/>
      <temporalFrequency type="regular" number="6" unit="hour"/>
      <temporalFrequency type="regular" number="4" unit="hour"/>
      <temporalFrequency type="regular" number="3" unit="hour"/>
      <dataType>grid</dataType>
      <dataType>platform_observation</dataType>
      <format href="http://dss.ucar.edu/datasets/common/ncar.latlon/format.html">DSS_5-Degree_LatLon_Grid</format>
      <geospatialCoverage>
         <grid definition="latLon"
               numX="72"
               numY="19"
               startLon="0E"
               startLat="0N"
               endLon="355E"
               endLat="90N"
               xRes="5"
               yRes="5"/>
      </geospatialCoverage>
   </contentMetadata>
</dsOverview>
