<?xml version="1.0" encoding="UTF-8"?>
<dsOverview xmlns:xsi="http://www.w3.org/2001/XMLSchema-instance"
            xmlns="http://www.openarchives.org/OAI/2.0/"
            xsi:schemaLocation="http://rda.ucar.edu/schemas                                         http://rda.ucar.edu/schemas/dsOverview.xsd"
            ID="258.3"
            type="primary">
   <timeStamp value="2007-01-05 13:11:18 -0700"/>
   <continuingUpdate value="no"/>
   <access pricingRate="standard">all_free</access>
   <title>Baltic Sea Marine Surface Observations</title>
   <summary>
      <p>Baltic Sea Ship database, 1961-1990, from Miroslaw Mietus
              (Poland), May 2000.</p>
      <p>
              There are 360k records covering the Baltic Sea.  These QC'ed
              data are a result from the RA VI Project,
              Climate of
              the Baltic Sea Basin.
              The project report is available from
              WMO (1998, WMO/TD-No.933, Marine Meteorology and Related
              Oceanographic Activities, Report No.41).
              </p>
   </summary>
   <creator vocabulary="GCMD"
            name="UCAR/NCAR/CISL/DSS &gt; Data Support Section,Scientific Computing Division, National Center for Atmospheric Research, University Corporation for Atmospheric Research"/>
   <contributor vocabulary="GCMD"
                name="PL/IMWM/MB &gt; Maritime Branch, Institute of Meteorology and Water Management, Poland"
                contact="Miroslaw Mietus"/>
   <variable vocabulary="GCMD">EARTH SCIENCE &gt; Atmosphere &gt; Clouds &gt; Cloud Amount/Frequency</variable>
   <variable vocabulary="GCMD">EARTH SCIENCE &gt; Atmosphere &gt; Clouds &gt; Cloud Types</variable>
   <variable vocabulary="GCMD">EARTH SCIENCE &gt; Oceans &gt; Ocean Winds &gt; Surface Winds</variable>
   <variable vocabulary="GCMD">EARTH SCIENCE &gt; Atmosphere &gt; Atmospheric Pressure &gt; Sea Level Pressure</variable>
   <variable vocabulary="GCMD">EARTH SCIENCE &gt; Atmosphere &gt; Atmospheric Water Vapor &gt; Humidity</variable>
   <variable vocabulary="GCMD">EARTH SCIENCE &gt; Oceans &gt; Ocean Temperature &gt; Sea Surface Temperature</variable>
   <variable vocabulary="GCMD">EARTH SCIENCE &gt; Atmosphere &gt; Atmospheric Temperature &gt; Air Temperature</variable>
   <contact>Steven Worley</contact>
   <platform vocabulary="GCMD">OCEAN WEATHER STATIONS</platform>
   <platform vocabulary="GCMD">SHIPS</platform>
   <platform vocabulary="GCMD">MOVING SHIPS</platform>
   <topic vocabulary="ISO">oceans</topic>
   <publicationDate>2000-05-18</publicationDate>
   <contentMetadata>
      <temporal start="1961" end="1990"/>
      <dataType>platform_observations</dataType>
      <format>proprietary_ASCII</format>
      <levels>
         <level type="Ground or water surface" value="0"/>
      </levels>
   </contentMetadata>
</dsOverview>
