<?xml version="1.0" encoding="UTF-8"?>
<dsOverview xmlns:xsi="http://www.w3.org/2001/XMLSchema-instance"
            xmlns="http://www.openarchives.org/OAI/2.0/"
            xsi:schemaLocation="http://rda.ucar.edu/schemas                                         http://rda.ucar.edu/schemas/dsOverview.xsd"
            ID="576.0"
            type="primary">
   <timeStamp value="2010-04-16 09:48:00 -0600"/>
   <continuingUpdate value="no"/>
   <access pricingRate="standard">none_free</access>
   <title>Canadian Monthly Station Temperature and Precipitation</title>
   <summary>
      <p>This dataset contains monthly temperature and precipitation
              data for Canadian surface stations through 1989.  The period of
              record for individual stations varies widely, but some stations
              have data as far back as 1891.</p>
   </summary>
   <creator vocabulary="GCMD"
            name="UCAR/NCAR/CISL/DSS &gt; Data Support Section, Computational and Information Systems Laboratory, National Center for Atmospheric Research, University Corporation for Atmospheric Research"/>
   <contributor vocabulary="GCMD"
                name="CA/EC/CCCMA &gt; Canadian Centre for Climate Modelling and Analysis, Environment Canada"
                formerName="Canadian Climate Centre"/>
   <contributor vocabulary="GCMD"
                name="UCAR/NCAR/CGD/CAS &gt; Climate Analysis Section, Climate and Global Dynamics Division, National Center for Atmospheric Research, University Corporation for Atmospheric Research"
                contact="Dennis Shea"/>
   <variable vocabulary="GCMD">EARTH SCIENCE &gt; Atmosphere &gt; Atmospheric Temperature &gt; Air Temperature</variable>
   <variable vocabulary="GCMD">EARTH SCIENCE &gt; Atmosphere &gt; Precipitation &gt; Precipitation Amount</variable>
   <contact>Bob Dattore</contact>
   <platform vocabulary="GCMD">FIXED OBSERVATION STATIONS</platform>
   <platform vocabulary="GCMD">GROUND STATIONS</platform>
   <platform vocabulary="GCMD">WEATHER STATIONS</platform>
   <topic vocabulary="ISO">climatologyMeteorologyAtmosphere</topic>
   <publicationDate>1983-12-02</publicationDate>
   <contentMetadata>
      <temporal start="1840-03-01" end="1982-12-31" groupID="Entire Dataset"/>
      <temporalFrequency type="regular" number="1" unit="month"/>
      <temporalFrequency type="regular" number="1" unit="year"/>
      <dataType>grid</dataType>
      <dataType>platform_observation</dataType>
      <format>DSS_WMSSC</format>
   </contentMetadata>
</dsOverview>
