<?xml version="1.0" encoding="UTF-8"?>
<dsOverview xmlns:xsi="http://www.w3.org/2001/XMLSchema-instance"
            xmlns="http://www.openarchives.org/OAI/2.0/"
            xsi:schemaLocation="http://rda.ucar.edu/schemas                                         http://rda.ucar.edu/schemas/dsOverview.xsd"
            ID="256.1"
            type="primary">
   <timeStamp value="2010-10-08 10:53:07 -0600"/>
   <continuingUpdate value="no"/>
   <access pricingRate="standard">all_free</access>
   <title>TOGA/TAO, JAMSTEC, PIRATA, and RAMA Moored Buoy Observations</title>
   <summary>
      <p>Moored tropical buoy observing system data.  Research quality data collected in delayed mode primary to support development and inclusion into the International Comprehensive Ocean-Atmosphere Data Set (ICOADS)</p>
   </summary>
   <creator vocabulary="GCMD"
            name="UCAR/NCAR/CISL/DSS &gt; Data Support Section, Computational and Information Systems Laboratory, National Center for Atmospheric Research, University Corporation for Atmospheric Research"/>
   <contributor vocabulary="GCMD"
                name="DOC/NOAA/OAR/PMEL &gt; Pacific Marine Environmental Laboratory, OAR, NOAA, U.S. Department of Commerce"
                contact="Paul Freitag;Linda Magnum;Linda Stratton"/>
   <contributor vocabulary="GCMD"
                name="JP/JAMSTEC &gt; Japan Marine Science and Technology Center, Japan"/>
   <variable vocabulary="GCMD">EARTH SCIENCE &gt; Oceans &gt; Ocean Temperature &gt; Sea Surface Temperature</variable>
   <variable vocabulary="GCMD">EARTH SCIENCE &gt; Atmosphere &gt; Atmospheric Temperature &gt; Air Temperature</variable>
   <variable vocabulary="GCMD">EARTH SCIENCE &gt; Atmosphere &gt; Atmospheric Water Vapor &gt; Humidity</variable>
   <variable vocabulary="GCMD">EARTH SCIENCE &gt; Atmosphere &gt; Atmospheric Winds &gt; Surface Winds</variable>
   <contact>Steven Worley</contact>
   <platform vocabulary="GCMD">FIXED OBSERVATION STATIONS</platform>
   <platform vocabulary="GCMD">BUOYS</platform>
   <project vocabulary="GCMD">TOGA &gt; Tropical Ocean Global Atmosphere</project>
   <project vocabulary="GCMD">PIRATA &gt; Pilot Research Moored Array in the Tropical Atlantic</project>
   <topic vocabulary="ISO">oceans</topic>
   <relatedResource url="http://www.pmel.noaa.gov/">PMEL</relatedResource>
   <relatedDataset ID="540.0"/>
   <relatedDataset ID="540.1"/>
   <publicationDate>1990-07-18</publicationDate>
   <contentMetadata>
      <temporal start="1980" end="2004" groupID="Entire Dataset"/>
      <dataType>platform_observation</dataType>
      <format>proprietary_ASCII</format>
      <levels>
         <level type="Ground or water surface" value="0" units=""/>
      </levels>
   </contentMetadata>
</dsOverview>
