<?xml version="1.0" encoding="UTF-8"?>
<dsOverview xmlns:xsi="http://www.w3.org/2001/XMLSchema-instance"
            xmlns="http://www.openarchives.org/OAI/2.0/"
            xsi:schemaLocation="http://rda.ucar.edu/schemas                                         http://rda.ucar.edu/schemas/dsOverview.xsd"
            ID="517.0"
            type="primary">
   <timeStamp value="2013-02-25 16:58:29 -0700"/>
   <continuingUpdate value="no"/>
   <access pricingRate="standard">all_free</access>
   <title>Northeast Brazil Precipitation, daily and monthly, 1904-1983</title>
   <summary>
      <p>Daily and monthly rainfall for 2300 stations in 10 states in northeastern Brazil are contained in this dataset.
              Although the first data is for 1904, sixty percent of the stations do not report until the 1960s.
              The data was obtained from Jack Geisler, University of Utah.</p>
   </summary>
   <creator vocabulary="GCMD"
            name="UCAR/NCAR/CISL/DSS &gt; Data Support Section, Computational and Information Systems Laboratory, National Center for Atmospheric Research, University Corporation for Atmospheric Research"/>
   <contributor vocabulary="GCMD"
                name="U-UTAH/MET &gt; Department of Meteorology, University of Utah"
                contact="Jack Geisler"/>
   <variable vocabulary="GCMD">EARTH SCIENCE &gt; Atmosphere &gt; Precipitation &gt; Precipitation Amount</variable>
   <contact>Bob Dattore</contact>
   <platform vocabulary="GCMD">FIXED OBSERVATION STATIONS</platform>
   <platform vocabulary="GCMD">GROUND STATIONS</platform>
   <platform vocabulary="GCMD">METEOROLOGICAL STATIONS</platform>
   <platform vocabulary="GCMD">WEATHER STATIONS</platform>
   <topic vocabulary="ISO">climatologyMeteorologyAtmosphere</topic>
   <publicationDate>1989-07-14</publicationDate>
   <contentMetadata>
      <temporal start="1904" end="1983" groupID="Entire Dataset"/>
      <dataType>platform_observation</dataType>
      <format>proprietary_ASCII</format>
      <levels>
         <level type="Ground or water surface" value="0" units=""/>
      </levels>
      <geospatialCoverage>
         <location>Continent &gt; South America &gt; Brazil</location>
      </geospatialCoverage>
   </contentMetadata>
</dsOverview>
