<?xml version="1.0" encoding="UTF-8"?>
<dsOverview xmlns:xsi="http://www.w3.org/2001/XMLSchema-instance"
            xmlns="http://www.openarchives.org/OAI/2.0/"
            xsi:schemaLocation="http://rda.ucar.edu/schemas                                         http://rda.ucar.edu/schemas/dsOverview.xsd"
            ID="285.0"
            type="primary">
   <timeStamp value="2015-02-10 20:45:39 -0700"/>
   <continuingUpdate value="no"/>
   <title>World Ocean Database and World Ocean Atlas</title>
   <summary>
      <p>
              The World Ocean Database (WOD) has global ocean observed and standard depth data profiles. The World Ocean Atlas (WOA) has objectively analyzed climatological mean fields on both a quarter-degree and on a one-degree longitude by latitude grids. The gridded analyses are for annual, seasonal, and monthly means of six oceanographic variables: temperature, salinity, dissolved oxygen, nitrate, phosphate, and silicate on standard levels (typically at 102 depths, dependent on data availability).   The products were derived at the Ocean Climate Laboratory (OCL) of the National Oceanographic Data Center (NODC). Development of the World Ocean
              products began in 1982 and they have been updated in 1994, 1998, 2001, 2005, 2009, and 2013.  The featured products are now based
              on the 2013 versions.  Some products from older version are still unique. </p>
      <p>
              The WOD is the world's largest profile collection covering the global ocean and contains
              measurements from 1800 through 2013.  The WOA are climatological grids at fixed depths
              derived from quality checked WOD profiles.  This is a recognized world-wide standard
              and is often referenced in
              oceanographic research.
              </p>
   </summary>
   <creator vocabulary="GCMD"
            name="UCAR/NCAR/CISL/DSS &gt; Data Support Section, Computational and Information Systems Laboratory, National Center for Atmospheric Research, University Corporation for Atmospheric Research"/>
   <contributor vocabulary="GCMD"
                name="DOC/NOAA/NESDIS/NODC/OCL &gt; Ocean Climate Laboratory, National Oceanographic Data Center, NESDIS, NOAA, U.S. Department of Commerce"
                contact="Sydney Levitus;Tim Boyer"
                citable="yes"/>
   <variable vocabulary="GCMD">EARTH SCIENCE &gt; Oceans &gt; Ocean Chemistry &gt; Chlorophyll</variable>
   <variable vocabulary="GCMD">EARTH SCIENCE &gt; Oceans &gt; Ocean Chemistry &gt; Silicate</variable>
   <variable vocabulary="GCMD">EARTH SCIENCE &gt; Oceans &gt; Ocean Chemistry &gt; Phosphate</variable>
   <variable vocabulary="GCMD">EARTH SCIENCE &gt; Oceans &gt; Ocean Chemistry &gt; Nitrate</variable>
   <variable vocabulary="GCMD">EARTH SCIENCE &gt; Oceans &gt; Ocean Chemistry &gt; Oxygen</variable>
   <variable vocabulary="GCMD">EARTH SCIENCE &gt; Oceans &gt; Ocean Chemistry &gt; Dissolved Gases</variable>
   <variable vocabulary="GCMD">EARTH SCIENCE &gt; Oceans &gt; Salinity/Density &gt; Salinity</variable>
   <variable vocabulary="GCMD">EARTH SCIENCE &gt; Oceans &gt; Ocean Temperature &gt; Water Temperature</variable>
   <contact>Zaihua Ji</contact>
   <contact>Steven Worley</contact>
   <platform vocabulary="GCMD">GRIDDING METHODS</platform>
   <platform vocabulary="GCMD">BUOYS</platform>
   <platform vocabulary="GCMD">OCEAN WEATHER STATIONS</platform>
   <platform vocabulary="GCMD">MOORINGS</platform>
   <platform vocabulary="GCMD">MOVING SHIPS</platform>
   <platform vocabulary="GCMD">SHIPS</platform>
   <topic vocabulary="ISO">oceans</topic>
   <relatedResource url="http://www.nodc.noaa.gov/about/oceanclimate.html">NODC's Ocean Climate Laboratory</relatedResource>
   <publicationDate>1984-08-17</publicationDate>
   <contentMetadata>
      <temporal start="1800" end="2013" groupID="Entire Dataset"/>
      <temporal start="1800" end="2013" groupID="Entire Dataset"/>
      <dataType>grid</dataType>
      <dataType>platform_observation</dataType>
      <format>proprietary_ASCII</format>
      <format>netCDF</format>
      <geospatialCoverage>
         <grid definition="latLon"
               numX="360"
               numY="180"
               startLon="0.5E"
               startLat="89.5S"
               endLon="359.5E"
               endLat="89.5N"
               xRes="1.0"
               yRes="1.0"/>
      </geospatialCoverage>
   </contentMetadata>
</dsOverview>
