<?xml version="1.0" encoding="UTF-8"?>
<dsOverview xmlns:xsi="http://www.w3.org/2001/XMLSchema-instance"
            xmlns="http://www.openarchives.org/OAI/2.0/"
            xsi:schemaLocation="http://rda.ucar.edu/schemas                                         http://rda.ucar.edu/schemas/dsOverview.xsd"
            ID="390.1"
            type="primary">
   <timeStamp value="2008-09-30 14:12:02 -0600"/>
   <continuingUpdate value="yes" frequency="yearly"/>
   <access pricingRate="standard">none_free</access>
   <title>U.S. Controlled Time Series Radiosonde Observations, daily 1948-con</title>
   <summary>
      <p>U.S. controlled station time series of upper air observations (soundings)
              comprise the data in this set.
              From the National Climatic Data Center (NCDC), DSS obtains annual updates of the DSI-6301 UPPER AIR DIGITAL FILES,
              which are then quality checked, reformatted, hydrostatically checked, and merged into existing station time series.</p>
      <p>Primarily, stations are located in the contiguous U.S., Alaska, the Caribbean,
              Hawaii and other Pacific Islands, plus Keflavik, Ascension Island, Diego Garcia, and the South Pole. There are currently about 110 stations received.</p>
      <p>Mandatory, standard, and significant levels may include pressure, height,
              temperature, moisture, wind direction and speed. Earliest data is for 1945, but periods of record vary widely among the stations.</p>
   </summary>
   <creator vocabulary="GCMD"
            name="UCAR/NCAR/CISL/DSS &gt; Data Support Section, Computational and Information Systems Laboratory, National Center for Atmospheric Research, University Corporation for Atmospheric Research"/>
   <contributor vocabulary="GCMD"
                name="DOC/NOAA/NESDIS/NCDC &gt; National Climatic Data Center, NESDIS, NOAA, U.S. Department of Commerce"/>
   <variable vocabulary="GCMD">EARTH SCIENCE &gt; Atmosphere &gt; Altitude &gt; Geopotential Height</variable>
   <variable vocabulary="GCMD">EARTH SCIENCE &gt; Atmosphere &gt; Atmospheric Pressure &gt; Surface Pressure</variable>
   <variable vocabulary="GCMD">EARTH SCIENCE &gt; Atmosphere &gt; Atmospheric Winds &gt; Upper Level Winds</variable>
   <variable vocabulary="GCMD">EARTH SCIENCE &gt; Atmosphere &gt; Atmospheric Water Vapor &gt; Humidity</variable>
   <variable vocabulary="GCMD">EARTH SCIENCE &gt; Atmosphere &gt; Atmospheric Water Vapor &gt; Dew Point Temperature</variable>
   <variable vocabulary="GCMD">EARTH SCIENCE &gt; Atmosphere &gt; Atmospheric Temperature &gt; Air Temperature</variable>
   <variable vocabulary="GCMD">EARTH SCIENCE &gt; Atmosphere &gt; Atmospheric Winds &gt; Surface Winds</variable>
   <variable vocabulary="GCMD">EARTH SCIENCE &gt; Atmosphere &gt; Atmospheric Pressure &gt; Atmospheric Pressure Measurements</variable>
   <contact>Bob Dattore</contact>
   <platform vocabulary="GCMD">RAWINSONDES</platform>
   <platform vocabulary="GCMD">PIBAL &gt; Pilot Balloons</platform>
   <platform vocabulary="GCMD">MOVING SHIPS</platform>
   <platform vocabulary="GCMD">FIXED SHIPS</platform>
   <platform vocabulary="GCMD">OCEAN WEATHER STATIONS</platform>
   <platform vocabulary="GCMD">METEOROLOGICAL STATIONS</platform>
   <platform vocabulary="GCMD">WEATHER STATIONS</platform>
   <platform vocabulary="GCMD">FIXED OBSERVATION STATIONS</platform>
   <platform vocabulary="GCMD">GROUND STATIONS</platform>
   <topic vocabulary="ISO">climatologyMeteorologyAtmosphere</topic>
   <relatedResource url="http://www.ofcm.gov/fmh3/text/">Federal Meteorological Handbook No. 3, Rawinsonde and Pibal Observations</relatedResource>
   <publicationDate>1980-01-21</publicationDate>
   <contentMetadata>
      <temporal start="1912-01-01" end="2005-12-31" groupID="Entire Dataset"/>
      <temporalFrequency type="regular" number="1" unit="day"/>
      <temporalFrequency type="regular" number="12" unit="hour"/>
      <temporalFrequency type="regular" number="4" unit="day"/>
      <temporalFrequency type="regular" number="3" unit="day"/>
      <dataType>grid</dataType>
      <dataType>platform_observation</dataType>
      <format>DSS_TSR</format>
   </contentMetadata>
</dsOverview>
