<?xml version="1.0" encoding="UTF-8"?>
<dsOverview xmlns:xsi="http://www.w3.org/2001/XMLSchema-instance"
            xmlns="http://www.openarchives.org/OAI/2.0/"
            xsi:schemaLocation="http://rda.ucar.edu/schemas                                         http://rda.ucar.edu/schemas/dsOverview.xsd"
            ID="317.0"
            type="primary">
   <timeStamp value="2013-11-18 23:26:15 -0700"/>
   <continuingUpdate value="yes" frequency="irregularly"/>
   <title>The North American Regional Climate Change Assessment Program (NARCCAP)</title>
   <summary>
      <p>The North American Regional Climate Change Assessment Program
              <a href="http://www.narccap.ucar.edu">NARCCAP</a> is an
              international program to produce high resolution climate change simulations in order
              to investigate uncertainties in regional scale projections of future climate
              and generate climate change scenarios for use in impacts research.
              NARCCAP modelers are running a set of regional climate models (RCMs) driven by a
              set of atmosphere-ocean general circulation models (AOGCMs) over a domain covering
              the conterminous United States and most of Canada.
              </p>
      <p>The AOGCMs have been forced with the <a href="http://www.narccap.ucar.edu/about/emissions.html">SRES A2 emissions scenario</a> for the 21st century.
              Simulations with these models were also produced for the current (historical) period.
              The RCMs are nested within the AOGCMs for the current period 1971-2000 and for
              the future period 2041-2070. As a preliminary step to evaluate the performance of
              the RCMs over North America, the RCMS are driven with <a href="http://www.cpc.noaa.gov/products/wesley/reanalysis2/">NCEP Reanalysis II</a> data for the period
              1979-2004. All the RCMs are run at a spatial resolution of 50 km.
              </p>
      <p>NARCCAP also includes two timeslice experiments at 50 km resolution using the GFDL
              atmospheric model (AM2.1) and the NCAR CCSM atmospheric model (CAM3). In a
              <a href="http://www.narccap.ucar.edu/about/timeslices.html">timeslice experiment</a>,
              the atmospheric component of an AOGCM is run using observed sea surface temperatures and sea ice
              boundaries for the historical run, and those same observations combined with
              perturbations from the future AOGCM for the scenario run. Omitting the coupled
              ocean model saves considerable computation and allows the atmospheric model
              to be run at higher resolution.
              </p>
   </summary>
   <creator vocabulary="GCMD"
            name="UCAR/NCAR/CISL/DSS &gt; Data Support Section, Computational and Information Systems Laboratory, National Center for Atmospheric Research, University Corporation for Atmospheric Research"/>
   <contributor vocabulary="GCMD" name="SCRIPPS &gt; Scripps Institution of Oceanography"/>
   <contributor vocabulary="GCMD"
                name="GB/MOD/MET/HADLEY &gt; Hadley Centre for Climate Prediction and Research, Met Office, Ministry of Defence, United Kingdom"/>
   <contributor vocabulary="GCMD"
                name="UC-SC/EARTH-SCI &gt; Earth Sciences Department, University of California, Santa Cruz"/>
   <contributor vocabulary="GCMD"
                name="DOE/PNNL &gt; Pacific Northwest National Laboratory, U.S. Department of Energy"/>
   <contributor vocabulary="GCMD"
                name="UCAR/NCAR &gt; National Center for Atmospheric Research, University Corporation for Atmospheric Research"/>
   <contributor vocabulary="GCMD"
                name="DOC/NOAA/GFDL &gt; NOAA Geophysical Fluid Dynamics Laboratory, U.S. Department of Commerce"/>
   <contributor vocabulary="GCMD"
                name="IA-STATE/CA/AGRON &gt; Agronomy Department, College of Agriculture, Iowa State University"/>
   <contributor vocabulary="GCMD"
                name="IA-STATE/CLAS/GE-AT &gt; Department of Geological and Atmospheric Sciences, College of Liberal Arts and Sciences, Iowa State University"/>
   <contributor vocabulary="GCMD"
                name="CA/OURANOS &gt; Ouranos Consortium on Regional Climatology and Adaptation to Climate Change, Canada"/>
   <variable vocabulary="GCMD">EARTH SCIENCE &gt; Atmosphere &gt; Atmospheric Temperature &gt; Maximum/Minimum Temperature</variable>
   <variable vocabulary="GCMD">EARTH SCIENCE &gt; Atmosphere &gt; Atmospheric Pressure &gt; Surface Pressure</variable>
   <variable vocabulary="GCMD">EARTH SCIENCE &gt; Cryosphere &gt; Sea Ice &gt; Sea Ice Concentration</variable>
   <variable vocabulary="GCMD">EARTH SCIENCE &gt; Atmosphere &gt; Precipitation &gt; Precipitation Rate</variable>
   <variable vocabulary="GCMD">EARTH SCIENCE &gt; Atmosphere &gt; Atmospheric Radiation &gt; Shortwave Radiation</variable>
   <variable vocabulary="GCMD">EARTH SCIENCE &gt; Atmosphere &gt; Atmospheric Temperature &gt; Surface Air Temperature</variable>
   <variable vocabulary="GCMD">EARTH SCIENCE &gt; Atmosphere &gt; Atmospheric Winds &gt; Surface Winds</variable>
   <variable vocabulary="GCMD">EARTH SCIENCE &gt; Atmosphere &gt; Atmospheric Water Vapor &gt; Dew Point Temperature</variable>
   <variable vocabulary="GCMD">EARTH SCIENCE &gt; Atmosphere &gt; Clouds &gt; Cloud Amount/Frequency</variable>
   <variable vocabulary="GCMD">EARTH SCIENCE &gt; Atmosphere &gt; Atmospheric Water Vapor &gt; Evaporation</variable>
   <variable vocabulary="GCMD">EARTH SCIENCE &gt; Atmosphere &gt; Atmospheric Radiation &gt; Heat Flux</variable>
   <variable vocabulary="GCMD">EARTH SCIENCE &gt; Agriculture &gt; Soils &gt; Soil Moisture/Water Content</variable>
   <variable vocabulary="GCMD">EARTH SCIENCE &gt; Hydrosphere &gt; Surface Water &gt; Runoff</variable>
   <variable vocabulary="GCMD">EARTH SCIENCE &gt; Atmosphere &gt; Atmospheric Pressure &gt; Sea Level Pressure</variable>
   <variable vocabulary="GCMD">EARTH SCIENCE &gt; Atmosphere &gt; Atmospheric Radiation &gt; Longwave Radiation</variable>
   <variable vocabulary="GCMD">EARTH SCIENCE &gt; Atmosphere &gt; Atmospheric Radiation &gt; Outgoing Longwave Radiation</variable>
   <variable vocabulary="GCMD">EARTH SCIENCE &gt; Cryosphere &gt; Sea Ice &gt; Snow Depth</variable>
   <variable vocabulary="GCMD">EARTH SCIENCE &gt; Cryosphere &gt; Sea Ice &gt; Snow Melt</variable>
   <variable vocabulary="GCMD">EARTH SCIENCE &gt; Land Surface &gt; Land Temperature &gt; Skin Temperature</variable>
   <variable vocabulary="GCMD">EARTH SCIENCE &gt; Atmosphere &gt; Altitude &gt; Geopotential Height</variable>
   <variable vocabulary="GCMD">EARTH SCIENCE &gt; Atmosphere &gt; Altitude &gt; Planetary Boundary Layer Height</variable>
   <variable vocabulary="GCMD">EARTH SCIENCE &gt; Atmosphere &gt; Altitude &gt; Station Height</variable>
   <variable vocabulary="GCMD">EARTH SCIENCE &gt; Land Surface &gt; Land Use/Land Cover &gt; Land Cover</variable>
   <variable vocabulary="GCMD">EARTH SCIENCE &gt; Atmosphere &gt; Clouds &gt; Cloud Liquid Water/Ice</variable>
   <variable vocabulary="GCMD">EARTH SCIENCE &gt; Atmosphere &gt; Atmospheric Water Vapor &gt; Humidity</variable>
   <variable vocabulary="GCMD">EARTH SCIENCE &gt; Atmosphere &gt; Atmospheric Winds &gt; Vertical Wind Motion</variable>
   <variable vocabulary="GCMD">EARTH SCIENCE &gt; Atmosphere &gt; Atmospheric Winds &gt; Upper Level Winds</variable>
   <contact>Chi-Fan Shih</contact>
   <platform vocabulary="GCMD">MODELS</platform>
   <platform vocabulary="GCMD">CLIMATE MODELS</platform>
   <platform vocabulary="GCMD">GCM &gt; General Circulation Model</platform>
   <topic vocabulary="ISO"/>
   <reference type="journal">
      <authorList>Bukovsky, Melissa S., David J. Gochis, and Linda O. Mearns</authorList>
      <year>2013</year>
      <title>Towards Assessing NARCCAP Regional Climate Model Credibility for the North American Monsoon: Current Climate Simulations</title>
      <periodical number="26" pages="8802-8826">J. Climate</periodical>
      <doi>10.1175/JCLI-D-12-00538.1</doi>
      <url>http://journals.ametsoc.org/doi/abs/10.1175/JCLI-D-12-00538.1</url>
   </reference>
   <publicationDate>2011-07-19</publicationDate>
   <contentMetadata>
      <temporal start="2041" end="2070" groupID="Entire Dataset"/>
      <temporal start="1971" end="2000" groupID="Entire Dataset"/>
      <dataType>grid</dataType>
      <format>netCDF</format>
   </contentMetadata>
</dsOverview>
