<?xml version="1.0" encoding="UTF-8"?>
<dsOverview xmlns:xsi="http://www.w3.org/2001/XMLSchema-instance"
            xmlns="http://www.openarchives.org/OAI/2.0/"
            xsi:schemaLocation="http://rda.ucar.edu/schemas                                         http://rda.ucar.edu/schemas/dsOverview.xsd"
            ID="220.0"
            type="historical">
   <timeStamp value="2007-10-05 13:52:06 -0600"/>
   <continuingUpdate value="no"/>
   <access pricingRate="standard">none_free</access>
   <title>U.S.A.F. ETAC Global Tropospheric and Stratospheric Monthly Climatologies</title>
   <summary>
      <p>Dean Bowman of the USAF Environmental Technical Applications Center (ETAC) created these monthly climatologies of temperature and winds for the Northern and Southern Hemispheres, and geopotential height for the Northern Hemisphere.  Generally, the data input period from approximately 150 stations was the 5-year period from January 1956 through December 1960, but some data into 1962 was also used.</p>
      <p>The data are available on 5-degree latitude/longitude grids separately for each hemisphere, and for eight vertical pressure levels from 850 mbar up to 50 mbar.</p>
   </summary>
   <creator vocabulary="GCMD"
            name="UCAR/NCAR/CISL/DSS &gt; Data Support Section, Scientific Computing Division, National Center for Atmospheric Research, University Corporation for Atmospheric Research"/>
   <contributor vocabulary="GCMD"
                name="DOD/USAF/AFWA &gt; Air Force Weather Agency, U.S. Air Force, U.S. Department of Defense"
                formerName="Environmental Technical Applications Center"
                contact="Dean Bowman"/>
   <variable vocabulary="GCMD">EARTH SCIENCE &gt; Atmosphere &gt; Altitude &gt; Geopotential Height</variable>
   <variable vocabulary="GCMD">EARTH SCIENCE &gt; Atmosphere &gt; Atmospheric Temperature &gt; Air Temperature</variable>
   <variable vocabulary="GCMD">EARTH SCIENCE &gt; Atmosphere &gt; Atmospheric Winds &gt; Upper Level Winds</variable>
   <contact>Will Spangler</contact>
   <platform vocabulary="GCMD">GRIDDING METHODS</platform>
   <topic vocabulary="ISO">climatologyMeteorologyAtmosphere</topic>
   <publicationDate>1980-03-27</publicationDate>
   <contentMetadata>
      <temporal start="1956-01" end="1960-12" groupID="Entire Dataset"/>
      <temporalFrequency type="climatology" unit="month"/>
      <dataType>grid</dataType>
      <format>proprietary_Binary</format>
      <levels>
         <level type="Isobaric level" value="850" units="mbar"/>
         <level type="Isobaric level" value="700" units="mbar"/>
         <level type="Isobaric level" value="500" units="mbar"/>
         <level type="Isobaric level" value="300" units="mbar"/>
         <level type="Isobaric level" value="200" units="mbar"/>
         <level type="Isobaric level" value="150" units="mbar"/>
         <level type="Isobaric level" value="100" units="mbar"/>
         <level type="Isobaric level" value="50" units="mbar"/>
      </levels>
      <geospatialCoverage>
         <grid definition="latLon"
               numX="72"
               numY="18"
               startLon="2.5E"
               startLat="2.5N"
               endLon="2.5W"
               endLat="87.5N"
               xRes="5"
               yRes="5"/>
         <grid definition="latLon"
               numX="72"
               numY="18"
               startLon="2.5E"
               startLat="2.5S"
               endLon="2.5W"
               endLat="87.5S"
               xRes="5"
               yRes="5"/>
         <grid definition="latLon"
               numX="72"
               numY="19"
               startLon="180W"
               startLat="0N"
               endLon="175E"
               endLat="90N"
               xRes="5"
               yRes="5"/>
      </geospatialCoverage>
   </contentMetadata>
</dsOverview>
