<?xml version="1.0" encoding="UTF-8"?>
<dsOverview xmlns:xsi="http://www.w3.org/2001/XMLSchema-instance"
            xmlns="http://www.openarchives.org/OAI/2.0/"
            xsi:schemaLocation="http://rda.ucar.edu/schemas                                         http://rda.ucar.edu/schemas/dsOverview.xsd"
            ID="470.0"
            type="primary">
   <timeStamp value="2009-08-05 10:20:30 -0600"/>
   <continuingUpdate value="no"/>
   <access pricingRate="standard">all_free</access>
   <title>NCDC TD14 and TD3280 U.S. Surface Airway Hourly Observations, 1938(1948)-2005</title>
   <summary>
      <p>This data set, from the National Climatic Data Center
              (NCDC), contains hourly or 3-hourly surface weather observations,
              primarily measured at major airports and military bases.
              The stations are operated by the National Weather Service (NWS),
              the Federal Aviation Administration (FAA),
              the U.S. Air Force (Air Weather Service),
              and the U.S. Navy (Navy Weather Detachment).
              The NWS and FAA sites are located in the contiguous U.S., Alaska, Puerto
              Rico, Hawaii and other Pacific Islands.  The Air Force and Navy operate
              stations worldwide; however, only a few are included in this set. </p>
      <p>The observations are generally recorded midnight to midnight for the 24-hour period.
              The major data parameters are clouds, visibility, wind, temperature, sky
              cover, relative humidity, pressure, and descriptive weather.
              The earliest data is for 1938 but most stations begin in 1948. There are about 300 stations.</p>
      <p>TD14 refers to the NCDC format of the original data up through 1983,
              which has been converted into a packed binary format; TD3280
              refers to the ASCII format used at NCDC beginning with the 1984 data.</p>
      <p>This set was retired from production at NCDC after 2005.</p>
   </summary>
   <creator vocabulary="GCMD"
            name="UCAR/NCAR/CISL/DSS &gt; Data Support Section, Computational and Information Systems Laboratory, National Center for Atmospheric Research, University Corporation for Atmospheric Research"/>
   <contributor vocabulary="GCMD"
                name="DOC/NOAA/NESDIS/NCDC &gt; National Climatic Data Center, NESDIS, NOAA, U.S. Department of Commerce"/>
   <variable vocabulary="GCMD">EARTH SCIENCE &gt; Atmosphere &gt; Air Quality &gt; Visibility</variable>
   <variable vocabulary="GCMD">EARTH SCIENCE &gt; Atmosphere &gt; Clouds &gt; Cloud Base</variable>
   <variable vocabulary="GCMD">EARTH SCIENCE &gt; Atmosphere &gt; Clouds &gt; Cloud Types</variable>
   <variable vocabulary="GCMD">EARTH SCIENCE &gt; Atmosphere &gt; Clouds &gt; Cloud Amount/Frequency</variable>
   <variable vocabulary="GCMD">EARTH SCIENCE &gt; Atmosphere &gt; Atmospheric Water Vapor &gt; Dew Point Temperature</variable>
   <variable vocabulary="GCMD">EARTH SCIENCE &gt; Atmosphere &gt; Atmospheric Pressure &gt; Sea Level Pressure</variable>
   <variable vocabulary="GCMD">EARTH SCIENCE &gt; Atmosphere &gt; Atmospheric Pressure &gt; Surface Pressure</variable>
   <variable vocabulary="GCMD">EARTH SCIENCE &gt; Atmosphere &gt; Atmospheric Water Vapor &gt; Humidity</variable>
   <variable vocabulary="GCMD">EARTH SCIENCE &gt; Atmosphere &gt; Atmospheric Winds &gt; Surface Winds</variable>
   <variable vocabulary="GCMD">EARTH SCIENCE &gt; Atmosphere &gt; Atmospheric Temperature &gt; Air Temperature</variable>
   <contact>Bob Dattore</contact>
   <platform vocabulary="GCMD">WEATHER STATIONS</platform>
   <platform vocabulary="GCMD">METEOROLOGICAL STATIONS</platform>
   <platform vocabulary="GCMD">GROUND STATIONS</platform>
   <platform vocabulary="GCMD">FIXED OBSERVATION STATIONS</platform>
   <topic vocabulary="ISO">climatologyMeteorologyAtmosphere</topic>
   <publicationDate>1983-11-21</publicationDate>
   <contentMetadata>
      <temporal start="1984-01-01" end="2005-12-31" groupID="Entire Dataset"/>
      <temporalFrequency type="regular" number="1" unit="day"/>
      <temporalFrequency type="regular" number="2" unit="hour"/>
      <temporalFrequency type="regular" number="1" unit="hour"/>
      <temporalFrequency type="regular" number="30" unit="minute"/>
      <temporalFrequency type="regular" number="1" unit="month"/>
      <temporalFrequency type="regular" number="8" unit="day"/>
      <temporalFrequency type="regular" number="1" unit="week"/>
      <temporalFrequency type="regular" number="2" unit="day"/>
      <temporalFrequency type="regular" number="1" unit="year"/>
      <dataType>grid</dataType>
      <dataType>platform_observation</dataType>
      <format>NCDC_TD3280</format>
   </contentMetadata>
</dsOverview>
