<?xml version="1.0" encoding="UTF-8"?>
<dsOverview xmlns:xsi="http://www.w3.org/2001/XMLSchema-instance"
            xmlns="http://www.openarchives.org/OAI/2.0/"
            xsi:schemaLocation="http://rda.ucar.edu/schemas                                         http://rda.ucar.edu/schemas/dsOverview.xsd"
            ID="307.7"
            type="primary">
   <timeStamp value="2015-02-06 13:17:08 -0700"/>
   <continuingUpdate value="no"/>
   <title>ECMWF FGGE Global Analyses for ALPEX, spring 1982</title>
   <summary>
      <p>ECMWF global analyses collected for ALPEX for the Spring of
              1982.</p>
   </summary>
   <creator vocabulary="GCMD"
            name="UCAR/NCAR/CISL/DSS &gt; Data Support Section, Computational and Information Systems Laboratory, National Center for Atmospheric Research, University Corporation for Atmospheric Research"/>
   <contributor vocabulary="GCMD"
                name="ECMWF &gt; European Centre for Medium-Range Weather Forecasts"
                citable="yes"/>
   <variable vocabulary="GCMD">EARTH SCIENCE &gt; Atmosphere &gt; Altitude &gt; Geopotential Height</variable>
   <variable vocabulary="GCMD">EARTH SCIENCE &gt; Atmosphere &gt; Atmospheric Temperature &gt; Air Temperature</variable>
   <variable vocabulary="GCMD">EARTH SCIENCE &gt; Atmosphere &gt; Atmospheric Winds &gt; Upper Level Winds</variable>
   <variable vocabulary="GCMD">EARTH SCIENCE &gt; Atmosphere &gt; Atmospheric Water Vapor &gt; Humidity</variable>
   <contact>Bob Dattore</contact>
   <platform vocabulary="GCMD">MODELS</platform>
   <project vocabulary="GCMD">ALPEX &gt; Alpine Experiment</project>
   <topic vocabulary="ISO">climatologyMeteorologyAtmosphere</topic>
   <relatedDataset ID="381.0"/>
   <relatedDataset ID="611.0"/>
   <publicationDate>1986-02-19</publicationDate>
   <contentMetadata>
      <temporal start="1982-03-01" end="1982-05-02" groupID="Entire Dataset"/>
      <dataType>grid</dataType>
      <format>NCEP_ON84</format>
      <levels>
         <level type="Ground or water surface" value="0"/>
      </levels>
   </contentMetadata>
</dsOverview>
