<?xml version="1.0" encoding="UTF-8"?>
<dsOverview xmlns:xsi="http://www.w3.org/2001/XMLSchema-instance"
            xmlns="http://www.openarchives.org/OAI/2.0/"
            xsi:schemaLocation="http://rda.ucar.edu/schemas                                         http://rda.ucar.edu/schemas/dsOverview.xsd"
            ID="272.0"
            type="historical">
   <timeStamp value="2010-10-18 12:30:31 -0600"/>
   <continuingUpdate value="no"/>
   <access pricingRate="standard">all_free</access>
   <title>Tropical Marine Climatic Atlas, by Sadler</title>
   <summary>
      <p>Monthly Climatology based on 1900-1979 COADS 2x2 degree
              monthly summary data, and in the case of surface pressure
              the NCAR 5x5 long term climatology.</p>
   </summary>
   <creator vocabulary="GCMD"
            name="UCAR/NCAR/CISL/DSS &gt; Data Support Section, Computational and Information Systems Laboratory, National Center for Atmospheric Research, University Corporation for Atmospheric Research"/>
   <contributor vocabulary="GCMD"
                name="UHI/SOEST/METEO &gt; Meteorology Department, School of Ocean and Earth Science and Technology, University of Hawaii"
                contact="James Sadler;Lander"/>
   <variable vocabulary="GCMD">EARTH SCIENCE &gt; Oceans &gt; Ocean Winds &gt; Surface Winds</variable>
   <variable vocabulary="GCMD">EARTH SCIENCE &gt; Atmosphere &gt; Atmospheric Pressure &gt; Sea Level Pressure</variable>
   <variable vocabulary="GCMD">EARTH SCIENCE &gt; Oceans &gt; Ocean Temperature &gt; Sea Surface Temperature</variable>
   <variable vocabulary="GCMD">EARTH SCIENCE &gt; Oceans &gt; Ocean Winds &gt; Wind Stress</variable>
   <contact>Steven Worley</contact>
   <platform vocabulary="GCMD">GRIDDING METHODS</platform>
   <topic vocabulary="ISO">oceans</topic>
   <reference type="technical_report">
      <authorList>Sadler, J.C., M.A. Lander, A.M. Hori, and L.K. Oda</authorList>
      <year>1987</year>
      <title>Tropical marine climatic atlas. Vol. 1, Indian Ocean and Atlantic Ocean</title>
      <organization reportID="UHMET 87-01" pages="51">Department of Meteorology, University of Hawaii</organization>
   </reference>
   <reference type="technical_report">
      <authorList>Sadler, J.C., M.A. Lander, A.M. Hori, and L.K. Oda</authorList>
      <year>1987</year>
      <title>Tropical marine climatic atlas. Vol. 2, Pacific Ocean</title>
      <organization reportID="UHMET 87-02" pages="51">Department of Meteorology, University of Hawaii</organization>
   </reference>
   <publicationDate>1987-06-18</publicationDate>
   <contentMetadata>
      <temporal start="9998" end="9998" groupID="Entire Dataset"/>
      <dataType>grid</dataType>
      <format>proprietary_ASCII</format>
      <levels>
         <level type="Ground or water surface" value="0" units=""/>
      </levels>
   </contentMetadata>
</dsOverview>
