<?xml version="1.0" encoding="UTF-8"?>
<dsOverview xmlns:xsi="http://www.w3.org/2001/XMLSchema-instance"
            xmlns="http://www.openarchives.org/OAI/2.0/"
            xsi:schemaLocation="http://rda.ucar.edu/schemas                                         http://rda.ucar.edu/schemas/dsOverview.xsd"
            ID="100.0"
            type="primary">
   <timeStamp value="2013-04-11 15:37:39 -0600"/>
   <continuingUpdate value="no"/>
   <access pricingRate="standard">none_free</access>
   <title>NOTOS Daily Southern Hemisphere Sea-Level Pressure Grids for 1951 to 1958</title>
   <summary>
      <p>This dataset contains gridded sea-level pressure data for the
              Southern Hemisphere for January 1951 to December 1958.  The grid
              is a 5-degree latitude longitude grid that covers the hemisphere
              from 15S to the South Pole, but no data are available south of 70S.</p>
      <p>The data came to DSS originally from South Africa, where it
              was on a diamond latitude/longitude grid (10-degree longitude
              resolution by 5-degree latitude resolution) for most of the
              period.  DSS interpolated, where possible, data to the original
              missing points to provide a 5-degree resolution in both
              directions.</p>
   </summary>
   <creator vocabulary="GCMD"
            name="UCAR/NCAR/CISL/DSS &gt; Data Support Section, Computational and Information Systems Laboratory, National Center for Atmospheric Research, University Corporation for Atmospheric Research"/>
   <contributor vocabulary="GCMD"
                name="UCAR/NCAR/CISL/DSS &gt; Data Support Section, Computational and Information Systems Laboratory, National Center for Atmospheric Research, University Corporation for Atmospheric Research"
                formerName="UCAR/NCAR/CISL/DSS &gt; Data Support Section, Scientific Computing Division, National Center for Atmospheric Research, University Corporation for Atmospheric Research"/>
   <contributor vocabulary="GCMD"
                name="ZA/SAWB &gt; South African Weather Bureau, South Africa"
                contact="J. J. Taljaard"/>
   <variable vocabulary="GCMD">EARTH SCIENCE &gt; Atmosphere &gt; Atmospheric Pressure &gt; Sea Level Pressure</variable>
   <contact>Bob Dattore</contact>
   <platform vocabulary="GCMD">MAPS</platform>
   <topic vocabulary="ISO">climatologyMeteorologyAtmosphere</topic>
   <reference type="journal">
      <authorList>South African Weather Bureau</authorList>
      <year>1952</year>
      <title>Tables and Charts of Southern Hemisphere Sea-Level Pressure</title>
      <periodical number="1(2)" pages="87-122">Notos</periodical>
   </reference>
   <reference type="journal">
      <authorList>South African Weather Bureau</authorList>
      <year>1952</year>
      <title>Tables and Charts of Southern Hemisphere Sea-Level Pressure</title>
      <periodical number="1(3)" pages="145-180">Notos</periodical>
   </reference>
   <reference type="journal">
      <authorList>South African Weather Bureau</authorList>
      <year>1952</year>
      <title>Tables and Charts of Southern Hemisphere Sea-Level Pressure</title>
      <periodical number="1(4)" pages="207-242">Notos</periodical>
   </reference>
   <reference type="journal">
      <authorList>South African Weather Bureau</authorList>
      <year>1953</year>
      <title>Tables and Charts of Southern Hemisphere Sea-Level Pressure</title>
      <periodical number="2(1/2)" pages="40-100">Notos</periodical>
   </reference>
   <reference type="journal">
      <authorList>South African Weather Bureau</authorList>
      <year>1953</year>
      <title>Tables and Charts of Southern Hemisphere Sea-Level Pressure</title>
      <periodical number="2(3)" pages="184-219">Notos</periodical>
   </reference>
   <reference type="journal">
      <authorList>South African Weather Bureau</authorList>
      <year>1953</year>
      <title>Tables and Charts of Southern Hemisphere Sea-Level Pressure</title>
      <periodical number="2(4)" pages="274-309">Notos</periodical>
   </reference>
   <reference type="journal">
      <authorList>South African Weather Bureau</authorList>
      <year>1954</year>
      <title>Tables and Charts of Southern Hemisphere Sea-Level Pressure</title>
      <periodical number="3(1)" pages="28-63">Notos</periodical>
   </reference>
   <reference type="journal">
      <authorList>South African Weather Bureau</authorList>
      <year>1954</year>
      <title>Tables and Charts of Southern Hemisphere Sea-Level Pressure</title>
      <periodical number="3(2)" pages="122-157">Notos</periodical>
   </reference>
   <reference type="journal">
      <authorList>South African Weather Bureau</authorList>
      <year>1954</year>
      <title>Tables and Charts of Southern Hemisphere Sea-Level Pressure</title>
      <periodical number="3(3)" pages="202-237">Notos</periodical>
   </reference>
   <reference type="journal">
      <authorList>South African Weather Bureau</authorList>
      <year>1954</year>
      <title>Tables and Charts of Southern Hemisphere Sea-Level Pressure</title>
      <periodical number="3(4)" pages="294-329">Notos</periodical>
   </reference>
   <reference type="journal">
      <authorList>South African Weather Bureau</authorList>
      <year>1955</year>
      <title>Tables and Charts of Southern Hemisphere Sea-Level Pressure</title>
      <periodical number="4(2)" pages="130-163">Notos</periodical>
   </reference>
   <reference type="journal">
      <authorList>South African Weather Bureau</authorList>
      <year>1955</year>
      <title>Tables and Charts of Southern Hemisphere Sea-Level Pressure</title>
      <periodical number="4(3)" pages="231-263">Notos</periodical>
   </reference>
   <reference type="journal">
      <authorList>South African Weather Bureau</authorList>
      <year>1955</year>
      <title>Tables and Charts of Southern Hemisphere Sea-Level Pressure</title>
      <periodical number="4(4)" pages="309-341">Notos</periodical>
   </reference>
   <reference type="journal">
      <authorList>South African Weather Bureau</authorList>
      <year>1956</year>
      <title>Tables and Charts of Southern Hemisphere Sea-Level Pressure</title>
      <periodical number="5(1)" pages="65-100">Notos</periodical>
   </reference>
   <reference type="journal">
      <authorList>South African Weather Bureau</authorList>
      <year>1956</year>
      <title>Tables and Charts of Southern Hemisphere Sea-Level Pressure</title>
      <periodical number="5(2)" pages="121-152">Notos</periodical>
   </reference>
   <reference type="journal">
      <authorList>South African Weather Bureau</authorList>
      <year>1956</year>
      <title>Tables and Charts of Southern Hemisphere Sea-Level Pressure</title>
      <periodical number="5(3)" pages="180-212">Notos</periodical>
   </reference>
   <reference type="journal">
      <authorList>South African Weather Bureau</authorList>
      <year>1956</year>
      <title>Tables and Charts of Southern Hemisphere Sea-Level Pressure</title>
      <periodical number="5(4)" pages="236-268">Notos</periodical>
   </reference>
   <reference type="journal">
      <authorList>South African Weather Bureau</authorList>
      <year>1957</year>
      <title>Tables and Charts of Southern Hemisphere Sea-Level Pressure</title>
      <periodical number="6(1/2)" pages="21-89">Notos</periodical>
   </reference>
   <reference type="journal">
      <authorList>South African Weather Bureau</authorList>
      <year>1957</year>
      <title>Tables and Charts of Southern Hemisphere Sea-Level Pressure</title>
      <periodical number="6(3/4)" pages="128-193">Notos</periodical>
   </reference>
   <reference type="journal">
      <authorList>South African Weather Bureau</authorList>
      <year>1958</year>
      <title>Tables and Charts of Southern Hemisphere Sea-Level Pressure</title>
      <periodical number="7(1/2)" pages="29-100">Notos</periodical>
   </reference>
   <reference type="journal">
      <authorList>South African Weather Bureau</authorList>
      <year>1959</year>
      <title>Tables and Charts of Southern Hemisphere Sea-Level Pressure</title>
      <periodical number="8(1/4)" pages="19-148">Notos</periodical>
   </reference>
   <publicationDate>1980-01-11</publicationDate>
   <contentMetadata>
      <temporal start="1951-01-01 31:00 +0000"
                end="1958-12-31 12:00 +0000"
                groupID="Entire Dataset"/>
      <temporalFrequency type="regular" number="1" unit="day"/>
      <temporalFrequency type="regular" number="1" unit="month"/>
      <dataType>grid</dataType>
      <dataType>platform_observation</dataType>
      <format href="http://dss.ucar.edu/datasets/common/ncar.slp/format.html">DSS_SLP_Grid</format>
      <geospatialCoverage>
         <grid definition="latLon"
               numX="72"
               numY="16"
               startLon="0E"
               startLat="15S"
               endLon="355E"
               endLat="90S"
               xRes="5"
               yRes="5"/>
      </geospatialCoverage>
   </contentMetadata>
</dsOverview>
