<?xml version="1.0" encoding="UTF-8"?>
<dsOverview xmlns:xsi="http://www.w3.org/2001/XMLSchema-instance"
            xmlns="http://www.openarchives.org/OAI/2.0/"
            xsi:schemaLocation="http://rda.ucar.edu/schemas                                         http://rda.ucar.edu/schemas/dsOverview.xsd"
            ID="520.0"
            type="primary">
   <timeStamp value="2006-10-16 16:13:22 -0600"/>
   <continuingUpdate value="no"/>
   <access pricingRate="standard">none_free</access>
   <title>NMC U.S. WBAN-3 Summary of Day, 1948-1963</title>
   <summary>
      <p>This dataset contains summary of day information for 108 U.S.
              WBAN-3 stations from 1948 to 1963.</p>
   </summary>
   <creator vocabulary="GCMD"
            name="UCAR/NCAR/CISL/DSS &gt; Data Support Section,Scientific Computing Division, National Center for Atmospheric Research, University Corporation for Atmospheric Research"/>
   <contributor vocabulary="GCMD"
                name="DOC/NOAA/NWS/NCEP/CPC &gt; Climate Prediction Center, National Centers for Environmental Prediction, National Weather Service, NOAA, U.S. Department of Commerce"
                formerName="National Meteorological Center"/>
   <variable vocabulary="GCMD">EARTH SCIENCE &gt; Atmosphere &gt; Precipitation &gt; Precipitation Amount</variable>
   <variable vocabulary="GCMD">EARTH SCIENCE &gt; Atmosphere &gt; Atmospheric Temperature &gt; Air Temperature</variable>
   <contact>Bob Dattore</contact>
   <platform vocabulary="GCMD">FIXED OBSERVATION STATIONS</platform>
   <platform vocabulary="GCMD">GROUND STATIONS</platform>
   <platform vocabulary="GCMD">METEOROLOGICAL STATIONS</platform>
   <platform vocabulary="GCMD">WEATHER STATIONS</platform>
   <topic vocabulary="ISO">climatologyMeteorologyAtmosphere</topic>
   <publicationDate>1980-03-21</publicationDate>
   <contentMetadata>
      <temporal start="1948-01" end="1963-12"/>
      <dataType>platform_observations</dataType>
      <format>proprietary_Binary</format>
      <levels>
         <level type="Ground or water surface" value="0"/>
      </levels>
   </contentMetadata>
</dsOverview>
