<?xml version="1.0" encoding="UTF-8"?>
<dsOverview xmlns:xsi="http://www.w3.org/2001/XMLSchema-instance"
            xmlns="http://www.openarchives.org/OAI/2.0/"
            xsi:schemaLocation="http://rda.ucar.edu/schemas                                         http://rda.ucar.edu/schemas/dsOverview.xsd"
            ID="546.0"
            type="primary">
   <timeStamp value="2006-10-16 16:19:53 -0600"/>
   <continuingUpdate value="no"/>
   <access pricingRate="standard">none_free</access>
   <title>Woods Hole Position Lotus Current Meter</title>
   <summary>
      <p>Long time series of current meter data from 34N 70W in
              the North Atlantic, position designation Lotus, by WHOI</p>
   </summary>
   <creator vocabulary="GCMD"
            name="UCAR/NCAR/CISL/DSS &gt; Data Support Section,Scientific Computing Division, National Center for Atmospheric Research, University Corporation for Atmospheric Research"/>
   <contributor vocabulary="GCMD"
                name="WHOI/PO &gt; Physical Oceanography Department, Woods Hole Oceanographic Institution"/>
   <variable vocabulary="GCMD">EARTH SCIENCE &gt; Oceans &gt; Ocean Circulation &gt; Ocean Currents</variable>
   <variable vocabulary="GCMD">EARTH SCIENCE &gt; Oceans &gt; Ocean Winds &gt; Surface Winds</variable>
   <variable vocabulary="GCMD">EARTH SCIENCE &gt; Atmosphere &gt; Atmospheric Pressure &gt; Sea Level Pressure</variable>
   <variable vocabulary="GCMD">EARTH SCIENCE &gt; Atmosphere &gt; Atmospheric Temperature &gt; Air Temperature</variable>
   <variable vocabulary="GCMD">EARTH SCIENCE &gt; Oceans &gt; Ocean Temperature &gt; Sea Surface Temperature</variable>
   <variable vocabulary="GCMD">EARTH SCIENCE &gt; Oceans &gt; Ocean Temperature &gt; Water Temperature</variable>
   <contact>Steven Worley</contact>
   <platform vocabulary="GCMD">MOORINGS</platform>
   <platform vocabulary="GCMD">BUOYS</platform>
   <topic vocabulary="ISO">oceans</topic>
   <publicationDate>1992-07-29</publicationDate>
   <contentMetadata>
      <temporal start="1982" end="1983"/>
      <dataType>platform_observations</dataType>
      <format>proprietary_ASCII</format>
   </contentMetadata>
</dsOverview>
