<?xml version="1.0" encoding="UTF-8"?>
<dsOverview xmlns:xsi="http://www.w3.org/2001/XMLSchema-instance"
            xmlns="http://www.openarchives.org/OAI/2.0/"
            xsi:schemaLocation="http://rda.ucar.edu/schemas                                         http://rda.ucar.edu/schemas/dsOverview.xsd"
            ID="390.6"
            type="primary">
   <timeStamp value="2006-10-16 15:50:46 -0600"/>
   <continuingUpdate value="no"/>
   <access pricingRate="standard">none_free</access>
   <title>U.S.A.F. Radiosondes, Pibals, Aircraft, and Surface Observations, 1973-1980</title>
   <summary>
      <p>Data from USAF at NCDC in DATSAV format.</p>
   </summary>
   <creator vocabulary="GCMD"
            name="UCAR/NCAR/CISL/DSS &gt; Data Support Section,Scientific Computing Division, National Center for Atmospheric Research, University Corporation for Atmospheric Research"/>
   <contributor vocabulary="GCMD"
                name="DOD/USAF/AFWA &gt; Air Force Weather Agency, U.S. Air Force, U.S. Department of Defense"
                formerName="Environmental Technical Applications Center"/>
   <contributor vocabulary="GCMD"
                name="DOC/NOAA/NESDIS/NCDC &gt; National Climatic Data Center, NESDIS, NOAA, U.S. Department of Commerce"/>
   <variable vocabulary="GCMD">EARTH SCIENCE &gt; Atmosphere &gt; Atmospheric Pressure &gt; Surface Pressure</variable>
   <variable vocabulary="GCMD">EARTH SCIENCE &gt; Atmosphere &gt; Atmospheric Pressure &gt; Atmospheric Pressure Measurements</variable>
   <variable vocabulary="GCMD">EARTH SCIENCE &gt; Atmosphere &gt; Altitude &gt; Geopotential Height</variable>
   <variable vocabulary="GCMD">EARTH SCIENCE &gt; Atmosphere &gt; Atmospheric Temperature &gt; Air Temperature</variable>
   <variable vocabulary="GCMD">EARTH SCIENCE &gt; Atmosphere &gt; Atmospheric Water Vapor &gt; Humidity</variable>
   <variable vocabulary="GCMD">EARTH SCIENCE &gt; Atmosphere &gt; Atmospheric Winds &gt; Surface Winds</variable>
   <variable vocabulary="GCMD">EARTH SCIENCE &gt; Atmosphere &gt; Atmospheric Winds &gt; Upper Level Winds</variable>
   <contact>Will Spangler</contact>
   <platform vocabulary="GCMD">FIXED OBSERVATION STATIONS</platform>
   <platform vocabulary="GCMD">GROUND STATIONS</platform>
   <platform vocabulary="GCMD">METEOROLOGICAL STATIONS</platform>
   <platform vocabulary="GCMD">WEATHER STATIONS</platform>
   <platform vocabulary="GCMD">OCEAN WEATHER STATIONS</platform>
   <platform vocabulary="GCMD">MOVING SHIPS</platform>
   <platform vocabulary="GCMD">RAWINSONDES</platform>
   <platform vocabulary="GCMD">PIBAL &gt; Pilot Balloons</platform>
   <topic vocabulary="ISO">climatologyMeteorologyAtmosphere</topic>
   <publicationDate>1999-10-07</publicationDate>
   <contentMetadata>
      <temporal start="1973-01" end="1980-12"/>
      <dataType>platform_observations</dataType>
      <format>proprietary_ASCII</format>
      <levels>
         <level type="Ground or water surface" value="0"/>
         <level type="Isobaric level" value="1000" units="mbar"/>
         <level type="Isobaric level" value="850" units="mbar"/>
         <level type="Isobaric level" value="700" units="mbar"/>
         <level type="Isobaric level" value="600" units="mbar"/>
         <level type="Isobaric level" value="500" units="mbar"/>
         <level type="Isobaric level" value="400" units="mbar"/>
         <level type="Isobaric level" value="300" units="mbar"/>
         <level type="Isobaric level" value="250" units="mbar"/>
         <level type="Isobaric level" value="200" units="mbar"/>
         <level type="Isobaric level" value="150" units="mbar"/>
         <level type="Isobaric level" value="100" units="mbar"/>
         <level type="Isobaric level" value="70" units="mbar"/>
         <level type="Isobaric level" value="50" units="mbar"/>
         <level type="Isobaric level" value="30" units="mbar"/>
         <level type="Isobaric level" value="20" units="mbar"/>
         <level type="Isobaric level" value="10" units="mbar"/>
      </levels>
   </contentMetadata>
</dsOverview>
