<?xml version="1.0" encoding="UTF-8"?>
<dsOverview xmlns:xsi="http://www.w3.org/2001/XMLSchema-instance"
            xmlns="http://www.openarchives.org/OAI/2.0/"
            xsi:schemaLocation="http://rda.ucar.edu/schemas                                         http://rda.ucar.edu/schemas/dsOverview.xsd"
            ID="625.0"
            type="primary">
   <timeStamp value="2015-02-09 20:07:46 -0700"/>
   <continuingUpdate value="yes" frequency="irregularly"/>
   <title>Japanese 25-year Reanalysis Project</title>
   <summary>
      <p>The Japanese 25-year Reanalysis (JRA-25) represents the first long-term global atmospheric reanalysis undertaken in Asia. Covering the period 1979-2004, it was completed using the Japan Meteorological Agency (JMA) numerical assimilation and forecast system and specially collected and prepared observational and satellite data from many sources including the European Center for Medium-Range Weather Forecasts (ECMWF), the National Climatic Data Center (NCDC), and the Meteorological Research Institute (MRI) of JMA. A primary goal of JRA-25 is to provide a consistent and high-quality reanalysis dataset for climate research, monitoring, and operational forecasts, especially by improving the coverage and quality of analysis in the Asian region.</p>
      <p>In JRA-25, three-dimensional variational (3D-Var) data assimilation and a global spectral model
              were employed to produce 6-hourly atmospheric analysis and forecast cycles. The global spectral model was based on a 320 by 160 (~1.125 degree) Gaussian grid with T106 truncation. Vertical discretization employed a hybrid sigma-pressure coordinate utilizing 40 levels where 0.4 hPa represents the model top level. A predictive mass-flux Arakawa-Schubert scheme was utilized for cumulus parameterization, and Simple Biosphere (SiB) parameterizations for land-surface processes. Assimilated variables include temperature, relative humidity, and surface pressure from conventional observations, and also winds retrieved from geostationary satellites, radiative brightness temperature from TIROS Operational Vertical Sounder (TOVS), and precipitable water from Special Sensor Microwave/Imager (SSM/I). Variables not directly assimilated include daily sea surface temperature (SST) and sea ice based on Centennial in-situ Observation-Based Estimates (COBE), and ozone profiles based on chemical transport models constrained by observations from Total Ozone Mapping Spectrometer (TOMS).</p>
      <p>The JRA-25 shows marked improvement over previous reanalyses in several notable areas, especially
              predicted (both 6-hourly and long term) precipitation, with more realistic variability and fewer
              spurious trends due to contamination of satellite data by volcanic eruptions. JRA-25 is also the first reanalysis to assimilate wind profiles around tropical cyclones deduced from best-track data,
              resulting in improved tropical cyclone analysis in a global context. In addition, low-level (stratus) cloud decks along the western subtropical coasts of continents are also better simulated, improving radiation budgets in these regions.</p>
      <p>In 2006, JMA started real-time operation of the JMA Climate Data Assimilation System (JCDAS).
              JCDAS employs the same system as JRA-25 and the data assimilation cycle is extended to the present time. JRA-25 and JCDAS products will enable users to conduct climate diagnostics with a long-term, and current, homogeneous reanalysis dataset. The JMA has also engaged in ongoing cooperation
              with ECMWF (European Center for Medium-Range Weather Forecasts) on reanalysis, including the
              ECMWF CDAS (ECDAS), more commonly known as ERA-Interim.</p>
   </summary>
   <creator vocabulary="GCMD"
            name="UCAR/NCAR/CISL/DSS &gt; Data Support Section, Computational and Information Systems Laboratory, National Center for Atmospheric Research, University Corporation for Atmospheric Research"/>
   <contributor vocabulary="GCMD"
                name="JP/JMA &gt; Japan Meteorological Agency, Japan"
                citable="no"/>
   <contributor vocabulary="GCMD"
                name="JP/CRIEPI &gt; Central Research Institute of Electric Power Industry, Japan"
                citable="no"/>
   <restrictions>
      <access>
         <p>Must be a registered user of JRA-25. If you are not a registered user of JRA-25, you will be given the opportunity to do so when you click the data access tab. Files with embedded "subc60" in file name    indicate GRIB1 files which have corrected model grid metada encoded. Please also note that the read password has been dropped for all MSS (Mass Storage System) files as of 2008-01-08.</p>
      </access>
      <usage>
         <p>(1) The datasets are to be used only for research purposes.</p>
         <p>(2) Users cannot edit the JRA-25 datasets and then claim they are official products.</p>
         <p>(3) Users are explicitly not permitted to redistribute the JRA-25 to third parties, including derived products such as filtered time series, fields not originally part of JRA-25, etc.</p>
         <p>(4) JMA does not accept liability for any resulting damage caused by the use of the JRA-25 datasets.</p>
         <p>(5) Users are obligated to duly acknowledge the JRA-25 in all scientific or technical papers, publications, press releases or other communications regarding the datasets.</p>
         <p>(6) Users are obligated to provide the JMA with a copy of their scientific or technical papers, publications, press releases or other communications regarding the datasets.</p>
         <p>The recommended acknowledgement statement for publication is, "The datasets used for this study are provided from the cooperative research project of the JRA-25 long-term reanalysis by the Japan Meteorological Agency (JMA) and the Central Research Institute of Electric Power Industry (CRIEPI)."</p>
      </usage>
   </restrictions>
   <variable vocabulary="GCMD">EARTH SCIENCE &gt; Atmosphere &gt; Atmospheric Temperature &gt; Air Temperature</variable>
   <variable vocabulary="GCMD">EARTH SCIENCE &gt; Atmosphere &gt; Atmospheric Pressure &gt; Sea Level Pressure</variable>
   <variable vocabulary="GCMD">EARTH SCIENCE &gt; Atmosphere &gt; Atmospheric Pressure &gt; Hydrostatic Pressure</variable>
   <variable vocabulary="GCMD">EARTH SCIENCE &gt; Atmosphere &gt; Atmospheric Water Vapor &gt; Humidity</variable>
   <variable vocabulary="GCMD">EARTH SCIENCE &gt; Atmosphere &gt; Atmospheric Winds &gt; Streamfunctions</variable>
   <variable vocabulary="GCMD">EARTH SCIENCE &gt; Atmosphere &gt; Atmospheric Temperature &gt; Potential Temperature</variable>
   <variable vocabulary="GCMD">EARTH SCIENCE &gt; Atmosphere &gt; Atmospheric Water Vapor &gt; Dew Point Temperature</variable>
   <variable vocabulary="GCMD">EARTH SCIENCE &gt; Atmosphere &gt; Altitude &gt; Geopotential Height</variable>
   <variable vocabulary="GCMD">EARTH SCIENCE &gt; Atmosphere &gt; Atmospheric Winds &gt; Vorticity</variable>
   <variable vocabulary="GCMD">EARTH SCIENCE &gt; Atmosphere &gt; Atmospheric Water Vapor &gt; Precipitable Water</variable>
   <variable vocabulary="GCMD">EARTH SCIENCE &gt; Atmosphere &gt; Atmospheric Winds &gt; Upper Level Winds</variable>
   <variable vocabulary="GCMD">EARTH SCIENCE &gt; Atmosphere &gt; Atmospheric Winds &gt; Vertical Wind Motion</variable>
   <variable vocabulary="GCMD">EARTH SCIENCE &gt; Atmosphere &gt; Clouds &gt; Cloud Liquid Water/Ice</variable>
   <variable vocabulary="GCMD">EARTH SCIENCE &gt; Atmosphere &gt; Atmospheric Water Vapor &gt; Water Vapor</variable>
   <variable vocabulary="GCMD">EARTH SCIENCE &gt; Atmosphere &gt; Atmospheric Temperature &gt; Atmospheric Stability</variable>
   <variable vocabulary="GCMD">EARTH SCIENCE &gt; Cryosphere &gt; Sea Ice &gt; Snow Depth</variable>
   <variable vocabulary="GCMD">EARTH SCIENCE &gt; Atmosphere &gt; Precipitation &gt; Precipitation Rate</variable>
   <variable vocabulary="GCMD">EARTH SCIENCE &gt; Atmosphere &gt; Precipitation &gt; Precipitation Amount</variable>
   <variable vocabulary="GCMD">EARTH SCIENCE &gt; Atmosphere &gt; Atmospheric Winds &gt; Convergence/Divergence</variable>
   <variable vocabulary="GCMD">EARTH SCIENCE &gt; Atmosphere &gt; Clouds &gt; Cloud Amount/Frequency</variable>
   <variable vocabulary="GCMD">EARTH SCIENCE &gt; Atmosphere &gt; Precipitation &gt; Snow</variable>
   <variable vocabulary="GCMD">EARTH SCIENCE &gt; Cryosphere &gt; Sea Ice &gt; Snow Melt</variable>
   <variable vocabulary="GCMD">EARTH SCIENCE &gt; Atmosphere &gt; Atmospheric Water Vapor &gt; Evapotranspiration</variable>
   <variable vocabulary="GCMD">EARTH SCIENCE &gt; Hydrosphere &gt; Surface Water &gt; Runoff</variable>
   <variable vocabulary="GCMD">EARTH SCIENCE &gt; Atmosphere &gt; Atmospheric Pressure &gt; Surface Pressure</variable>
   <variable vocabulary="GCMD">EARTH SCIENCE &gt; Atmosphere &gt; Atmospheric Radiation &gt; Heat Flux</variable>
   <variable vocabulary="GCMD">EARTH SCIENCE &gt; Atmosphere &gt; Atmospheric Winds &gt; Surface Winds</variable>
   <variable vocabulary="GCMD">EARTH SCIENCE &gt; Atmosphere &gt; Atmospheric Temperature &gt; Surface Air Temperature</variable>
   <variable vocabulary="GCMD">EARTH SCIENCE &gt; Atmosphere &gt; Atmospheric Pressure &gt; Gravity Wave</variable>
   <variable vocabulary="GCMD">EARTH SCIENCE &gt; Atmosphere &gt; Atmospheric Temperature &gt; Maximum/Minimum Temperature</variable>
   <variable vocabulary="GCMD">EARTH SCIENCE &gt; Atmosphere &gt; Atmospheric Radiation &gt; Shortwave Radiation</variable>
   <variable vocabulary="GCMD">EARTH SCIENCE &gt; Atmosphere &gt; Atmospheric Radiation &gt; Longwave Radiation</variable>
   <variable vocabulary="GCMD">EARTH SCIENCE &gt; Biosphere &gt; Vegetation &gt; Canopy Characteristics</variable>
   <variable vocabulary="GCMD">EARTH SCIENCE &gt; Atmosphere &gt; Atmospheric Radiation &gt; Atmospheric Heating</variable>
   <variable vocabulary="GCMD">EARTH SCIENCE &gt; Hydrosphere &gt; Snow/Ice &gt; Snow Water Equivalent</variable>
   <variable vocabulary="GCMD">EARTH SCIENCE &gt; Oceans &gt; Ocean Temperature &gt; Sea Surface Temperature</variable>
   <variable vocabulary="GCMD">EARTH SCIENCE &gt; Land Surface &gt; Land Temperature &gt; Land Surface Temperature</variable>
   <variable vocabulary="GCMD">EARTH SCIENCE &gt; Land Surface &gt; Soils &gt; Soil Moisture/Water Content</variable>
   <variable vocabulary="GCMD">EARTH SCIENCE &gt; Hydrosphere &gt; Snow/Ice &gt; Snow Depth</variable>
   <variable vocabulary="GCMD">EARTH SCIENCE &gt; Land Surface &gt; Soils &gt; Soil Temperature</variable>
   <variable vocabulary="GCMD">EARTH SCIENCE &gt; Atmosphere &gt; Air Quality &gt; Tropospheric Ozone</variable>
   <variable vocabulary="GCMD">EARTH SCIENCE &gt; Land Surface &gt; Topography &gt; Surface Roughness</variable>
   <variable vocabulary="GCMD">EARTH SCIENCE &gt; Oceans &gt; Sea Ice &gt; Ice Extent</variable>
   <contact>Dave Stepaniak</contact>
   <contact>Chi-Fan Shih</contact>
   <platform vocabulary="GCMD">REANALYSIS MODELS</platform>
   <project vocabulary="GCMD">JRA25 &gt; JMA Japanese 25-year Reanalysis</project>
   <topic vocabulary="ISO">climatologyMeteorologyAtmosphere</topic>
   <reference type="journal">
      <authorList>Onogi, K., J. Tsutsui, H. Koide, M. Sakamoto, S. Kobayashi, H. Hatsushika, T. Matsumoto, N. Yamazaki, H. Kamahori, K. Takahashi, S. Kadokura, K. Wada, K. Kato, R. Oyama, T. Ose, N. Mannoji, and R. Taira</authorList>
      <year>2007</year>
      <title>The JRA-25 Reanalysis</title>
      <periodical number="85(3)" pages="369-432">J. Met. Soc. Jap.</periodical>
      <url>http://www.jstage.jst.go.jp/article/jmsj/85/3/85_369/_article</url>
   </reference>
   <relatedResource url="http://www.jma.go.jp/jma/jma-eng/jma-center/nwp/outline-nwp/index.htm">Outline of the Operational Numerical Weather Prediction at the Japan Meteorological Agency</relatedResource>
   <relatedResource url="http://jra.kishou.go.jp/JRA-25/index_en.html">Japanese 25-year ReAnalysis (JRA-25) and JMA Climate Data Assimilation System (JCDAS)</relatedResource>
   <relatedResource url="https://climatedataguide.ucar.edu/climate-data/jra-25">Description of the JRA-25 at the NCAR Climate Data Guide</relatedResource>
   <relatedDataset ID="625.1"/>
   <relatedDataset ID="627.0"/>
   <publicationDate>2007-05-30</publicationDate>
   <contentMetadata>
      <temporal start="1979-01-01 00:00 +0000"
                end="2014-02-01 00:00 +0000"
                groupID="Entire Dataset"/>
      <temporalFrequency type="regular" number="1" unit="day"/>
      <temporalFrequency type="regular" number="12" unit="hour"/>
      <temporalFrequency type="regular" number="8" unit="hour"/>
      <temporalFrequency type="regular" number="6" unit="hour"/>
      <temporalFrequency type="regular" number="5" unit="hour"/>
      <temporalFrequency type="regular" number="4" unit="hour"/>
      <temporalFrequency type="regular" number="3" unit="hour"/>
      <temporalFrequency type="regular" number="2" unit="hour"/>
      <dataType>grid</dataType>
      <dataType>platform_observation</dataType>
      <format href="http://dss.ucar.edu/docs/formats/grib/gribdoc/">WMO_GRIB1</format>
      <geospatialCoverage>
         <grid definition="latLon"
               numX="144"
               numY="73"
               startLon="0E"
               startLat="90N"
               endLon="357.5E"
               endLat="90S"
               xRes="2.5"
               yRes="2.5"/>
      </geospatialCoverage>
      <geospatialCoverage>
         <grid definition="gaussLatLon"
               numX="320"
               numY="160"
               startLon="0E"
               startLat="89.142N"
               endLon="358.875E"
               endLat="89.142S"
               xRes="1.125"/>
      </geospatialCoverage>
      <geospatialCoverage>
         <grid definition="latLon"
               numX="288"
               numY="145"
               startLon="0E"
               startLat="90N"
               endLon="358.75E"
               endLat="90S"
               xRes="1.25"
               yRes="1.25"/>
      </geospatialCoverage>
      <geospatialCoverage>
         <grid definition="latLon"
               numX="1"
               numY="145"
               startLon="0E"
               startLat="90N"
               endLon="0E"
               endLat="90S"
               xRes="1.25"
               yRes="1.25"/>
      </geospatialCoverage>
      <geospatialCoverage>
         <grid definition="latLon"
               numX="1"
               numY="73"
               startLon="0E"
               startLat="90N"
               endLon="0E"
               endLat="90S"
               xRes="2.5"
               yRes="2.5"/>
      </geospatialCoverage>
   </contentMetadata>
</dsOverview>
