<?xml version="1.0" encoding="UTF-8"?>
<dsOverview xmlns:xsi="http://www.w3.org/2001/XMLSchema-instance"
            xmlns="http://www.openarchives.org/OAI/2.0/"
            xsi:schemaLocation="http://rda.ucar.edu/schemas                                         http://rda.ucar.edu/schemas/dsOverview.xsd"
            ID="275.0"
            type="primary">
   <timeStamp value="2006-10-20 07:12:25 -0600"/>
   <continuingUpdate value="no"/>
   <access pricingRate="standard">none_free</access>
   <title>Sette's Pacific Sea Surface Temperature Analyses, monthly 1949-1962</title>
   <summary>
      <p>Monthly Pacific sea-surface temperature analyses for 1949 to
              1962.</p>
   </summary>
   <creator vocabulary="GCMD"
            name="UCAR/NCAR/CISL/DSS &gt; Data Support Section,Scientific Computing Division, National Center for Atmospheric Research, University Corporation for Atmospheric Research"/>
   <contributor vocabulary="GCMD"
                name="DOC/NOAA/NMFS/NEFSC &gt; Northeast Fisheries Science Center, National Marine Fisheries Service, NOAA, U.S. Department of Commerce"
                formerName="U.S. Bureau of Commercial Fisheries"
                contact="O.E. Sette"/>
   <variable vocabulary="GCMD">EARTH SCIENCE &gt; Oceans &gt; Ocean Temperature &gt; Sea Surface Temperature</variable>
   <contact>Bob Dattore</contact>
   <platform vocabulary="GCMD">GRIDDING METHODS</platform>
   <topic vocabulary="ISO">oceans</topic>
   <publicationDate>1980-03-27</publicationDate>
   <contentMetadata>
      <temporal start="1949-01" end="1962-12"/>
      <dataType>grids</dataType>
      <format>proprietary_Binary</format>
      <levels>
         <level type="Ground or water surface" value="0"/>
      </levels>
   </contentMetadata>
</dsOverview>
