<?xml version="1.0" encoding="UTF-8"?>
<dsOverview xmlns:xsi="http://www.w3.org/2001/XMLSchema-instance"
            xmlns="http://www.openarchives.org/OAI/2.0/"
            xsi:schemaLocation="http://rda.ucar.edu/schemas                                         http://rda.ucar.edu/schemas/dsOverview.xsd"
            ID="621.0"
            type="primary">
   <timeStamp value="2015-02-05 18:49:43 -0700"/>
   <continuingUpdate value="no"/>
   <title>ECMWF Joint Observing System Simulation Experiment (OSSE) Nature Run</title>
   <summary>
      <p>
              A broad group of US and international partners organized and agreed to have ECMWF compute a high resolution global gridded dataset that serves as a reference dataset for general and collaborative observing system simulation experiments (OSSE).   This model output is termed "Nature Run", because it is intended to be a best representation possible of the true environmental conditions.  The temporal and spatial resolution are sufficient so the data may be used as an experimental samples and validation data for planning future observing systems.  It is especially valuable for assessing future satellite systems.
              </p>
   </summary>
   <creator vocabulary="GCMD"
            name="UCAR/NCAR/CISL/DSS &gt; Data Support Section, Computational and Information Systems Laboratory, National Center for Atmospheric Research, University Corporation for Atmospheric Research"/>
   <contributor vocabulary="GCMD"
                name="DOC/NOAA/NWS/NCEP/EMC &gt; Environmental Modeling Center, National Centers for Environmental Prediction, National Weather Service, NOAA, U.S. Department of Commerce"
                contact="Michiko Masutani, (301)763-8000x7551, michiko.masutani@noaa.gov"
                citable="no"/>
   <contributor vocabulary="GCMD"
                name="ECMWF &gt; European Centre for Medium-Range Weather Forecasts"
                contact="Erik Andersson, Erik.Andersson@ECMWF.int"
                citable="no"/>
   <restrictions>
      <usage>
         <p>
    This data must not be used for commercial purposes and redistribution rights are not given. ECMWF and Joint OSSEs  must be given credit in any publications in which this data is used.  NCAR will track users and informed to ECMWF and Joint OSSE.
    If you are interested in using the data set it is necessary to send email with the statement below, and your name and affiliation to to Michiko Masutani  (michiko.masutani@noaa.gov).  Your name will be added to the user list and sent to ECMWF. </p>
         <p>
    "I agree not to copy the ECMWF data or software provided by NCAR for the use of other persons, and I agree not to use these data and/or software for commercial purposes. ECMWF will be given credit in any publications in which these data and/or software are used. I understand that if other persons in my organization wish to use these data and/or software, they must also sign a copy of this agreement. " </p>
      </usage>
   </restrictions>
   <variable vocabulary="GCMD">EARTH SCIENCE &gt; Atmosphere &gt; Precipitation &gt; Precipitation Amount</variable>
   <variable vocabulary="GCMD">EARTH SCIENCE &gt; Atmosphere &gt; Atmospheric Temperature &gt; Air Temperature</variable>
   <variable vocabulary="GCMD">EARTH SCIENCE &gt; Atmosphere &gt; Atmospheric Water Vapor &gt; Dew Point Temperature</variable>
   <variable vocabulary="GCMD">EARTH SCIENCE &gt; Atmosphere &gt; Atmospheric Water Vapor &gt; Humidity</variable>
   <variable vocabulary="GCMD">EARTH SCIENCE &gt; Atmosphere &gt; Atmospheric Pressure &gt; Sea Level Pressure</variable>
   <variable vocabulary="GCMD">EARTH SCIENCE &gt; Atmosphere &gt; Atmospheric Winds &gt; Convergence/Divergence</variable>
   <variable vocabulary="GCMD">EARTH SCIENCE &gt; Atmosphere &gt; Atmospheric Winds &gt; Surface Winds</variable>
   <variable vocabulary="GCMD">EARTH SCIENCE &gt; Atmosphere &gt; Atmospheric Winds &gt; Upper Level Winds</variable>
   <variable vocabulary="GCMD">EARTH SCIENCE &gt; Atmosphere &gt; Atmospheric Winds &gt; Vorticity</variable>
   <variable vocabulary="GCMD">EARTH SCIENCE &gt; Atmosphere &gt; Clouds &gt; Cloud Amount/Frequency</variable>
   <variable vocabulary="GCMD">EARTH SCIENCE &gt; Atmosphere &gt; Clouds &gt; Cloud Liquid Water/Ice</variable>
   <variable vocabulary="GCMD">EARTH SCIENCE &gt; Atmosphere &gt; Altitude &gt; Geopotential Height</variable>
   <variable vocabulary="GCMD">EARTH SCIENCE &gt; Hydrosphere &gt; Snow/Ice &gt; Snow Depth</variable>
   <variable vocabulary="GCMD">EARTH SCIENCE &gt; Atmosphere &gt; Atmospheric Temperature &gt; Surface Air Temperature</variable>
   <variable vocabulary="GCMD">EARTH SCIENCE &gt; Land Surface &gt; Land Temperature &gt; Skin Temperature</variable>
   <variable vocabulary="GCMD">EARTH SCIENCE &gt; Atmosphere &gt; Air Quality &gt; Tropospheric Ozone</variable>
   <variable vocabulary="GCMD">EARTH SCIENCE &gt; Atmosphere &gt; Atmospheric Winds &gt; Streamfunctions</variable>
   <variable vocabulary="GCMD">EARTH SCIENCE &gt; Atmosphere &gt; Atmospheric Pressure &gt; Hydrostatic Pressure</variable>
   <variable vocabulary="GCMD">EARTH SCIENCE &gt; Atmosphere &gt; Atmospheric Winds &gt; Vertical Wind Motion</variable>
   <variable vocabulary="GCMD">EARTH SCIENCE &gt; Atmosphere &gt; Atmospheric Pressure &gt; Surface Pressure</variable>
   <contact>Chi-Fan Shih</contact>
   <platform vocabulary="GCMD">MODELS</platform>
   <topic vocabulary="ISO">climatologyMeteorologyAtmosphere</topic>
   <reference type="preprint">
      <authorList>Matsutani et al.</authorList>
      <year>2007</year>
      <title>Progress in Joint OSSEs.  A new nature run and international collaboration</title>
      <conference host="Amer. Meteor. Soc." location="Salt Lake City, UT" pages="">18th Conference on Numerical Weather Prediction</conference>
      <url>http://ams.confex.com/ams/pdfpapers/124080.pdf</url>
   </reference>
   <relatedResource url="http://www.emc.ncep.noaa.gov/research/JointOSSEs/references/">List of references</relatedResource>
   <relatedResource url="http://www.emc.ncep.noaa.gov/research/JointOSSEs/">Progress and Meeting Notes</relatedResource>
   <relatedResource url="http://gmao.gsfc.nasa.gov/projects/osse/">NASA OSSE Home Page</relatedResource>
   <relatedResource url="http://www.emc.ncep.noaa.gov/research/JointOSSEs/">Joint OSSE Home Page</relatedResource>
   <publicationDate>2007-07-25</publicationDate>
   <contentMetadata>
      <temporal start="2005-05-01 00:00 +0000"
                end="2006-06-01 00:00 +0000"
                groupID="Entire Dataset"/>
      <temporalFrequency type="regular" number="8" unit="hour"/>
      <temporalFrequency type="regular" number="6" unit="hour"/>
      <temporalFrequency type="regular" number="3" unit="hour"/>
      <dataType>grid</dataType>
      <dataType>platform_observation</dataType>
      <format href="http://dss.ucar.edu/docs/formats/grib/gribdoc/">WMO_GRIB1</format>
      <geospatialCoverage>
         <grid definition="latLon"
               numX="360"
               numY="181"
               startLon="0E"
               startLat="90N"
               endLon="359E"
               endLat="90S"
               xRes="1"
               yRes="1"/>
      </geospatialCoverage>
      <geospatialCoverage>
         <grid definition="gaussLatLon"
               numX="-1"
               numY="512"
               startLon="0E"
               startLat="89.731N"
               endLon="359.625E"
               endLat="89.731S"
               xRes="0.352"/>
      </geospatialCoverage>
      <geospatialCoverage>
         <grid definition="latLon"
               numX="720"
               numY="360"
               startLon="0.25E"
               startLat="89.75N"
               endLon="359.75E"
               endLat="89.75S"
               xRes="0.5"
               yRes="0.5"/>
      </geospatialCoverage>
   </contentMetadata>
</dsOverview>
