<?xml version="1.0" encoding="UTF-8"?>
<dsOverview xmlns:xsi="http://www.w3.org/2001/XMLSchema-instance"
            xmlns="http://www.openarchives.org/OAI/2.0/"
            xsi:schemaLocation="http://rda.ucar.edu/schemas                                         http://rda.ucar.edu/schemas/dsOverview.xsd"
            ID="201.0"
            type="primary">
   <timeStamp value="2013-02-26 13:03:14 -0700"/>
   <continuingUpdate value="no"/>
   <access pricingRate="standard">all_free</access>
   <title>Australian Southern Hemisphere Climatology, monthly 1973-1982</title>
   <summary>
      <p>A climatology of the Southern Hemisphere from Australia's
              Bureau of Meteorology Research Centre.</p>
   </summary>
   <creator vocabulary="GCMD"
            name="UCAR/NCAR/CISL/DSS &gt; Data Support Section, Computational and Information Systems Laboratory, National Center for Atmospheric Research, University Corporation for Atmospheric Research"/>
   <contributor vocabulary="GCMD"
                name="AU/BOM/BMRC &gt; Bureau of Meteorology Research Centre, Bureau of Meteorology, Australia"
                contact="David J. Karoly"/>
   <variable vocabulary="GCMD">EARTH SCIENCE &gt; Atmosphere &gt; Atmospheric Pressure &gt; Sea Level Pressure</variable>
   <variable vocabulary="GCMD">EARTH SCIENCE &gt; Atmosphere &gt; Altitude &gt; Geopotential Height</variable>
   <variable vocabulary="GCMD">EARTH SCIENCE &gt; Atmosphere &gt; Atmospheric Temperature &gt; Air Temperature</variable>
   <variable vocabulary="GCMD">EARTH SCIENCE &gt; Atmosphere &gt; Atmospheric Winds &gt; Upper Level Winds</variable>
   <variable vocabulary="GCMD">EARTH SCIENCE &gt; Atmosphere &gt; Atmospheric Water Vapor &gt; Humidity</variable>
   <contact>Bob Dattore</contact>
   <platform vocabulary="GCMD">MODELS</platform>
   <topic vocabulary="ISO">climatologyMeteorologyAtmosphere</topic>
   <reference type="technical_report">
      <authorList>Karoly, D.J., Kelly, G.A.M. and Le Marshall, J.F.</authorList>
      <year>1987</year>
      <title>The Australian Southern Hemisphere climatology data tape</title>
      <organization reportID="Research Report No. 7" pages="-99">Bureau of Meteorology, Australia</organization>
   </reference>
   <publicationDate>1988-08-02</publicationDate>
   <contentMetadata>
      <temporal start="1973-01" end="1982-12" groupID="Entire Dataset"/>
      <dataType>grid</dataType>
      <format>proprietary_ASCII</format>
      <levels>
         <level type="Mean sea level" value="0" units=""/>
         <level type="Isobaric level" value="1000" units="mbar"/>
         <level type="Isobaric level" value="850" units="mbar"/>
         <level type="Isobaric level" value="700" units="mbar"/>
         <level type="Isobaric level" value="500" units="mbar"/>
         <level type="Isobaric level" value="300" units="mbar"/>
         <level type="Isobaric level" value="200" units="mbar"/>
         <level type="Isobaric level" value="100" units="mbar"/>
      </levels>
      <geospatialCoverage>
         <grid definition="latLon"
               numX="72"
               numY="17"
               startLon="0E"
               startLat="10S"
               endLon="355E"
               endLat="90S"
               xRes="5"
               yRes="5"/>
      </geospatialCoverage>
   </contentMetadata>
</dsOverview>
