<?xml version="1.0" encoding="UTF-8"?>
<dsOverview xmlns:xsi="http://www.w3.org/2001/XMLSchema-instance"
            xmlns="http://www.openarchives.org/OAI/2.0/"
            xsi:schemaLocation="http://rda.ucar.edu/schemas                                         http://rda.ucar.edu/schemas/dsOverview.xsd"
            ID="602.1"
            type="primary">
   <timeStamp value="2010-10-27 18:35:17 -0600"/>
   <continuingUpdate value="no"/>
   <access pricingRate="standard">none_free</access>
   <title>Line Island Experiment Aircraft Observations, 1967Mar-Apr</title>
   <summary>
      <p>The Line Islands Experiment of 1967 produced extensive data
              on disturbances in the equatorial trough zone.  DSS has
              flight-level aircraft data from flights in February, March, and
              April 1967 that were flown in conjunction with the
              experiment.</p>
   </summary>
   <creator vocabulary="GCMD"
            name="UCAR/NCAR/CISL/DSS &gt; Data Support Section, Computational and Information Systems Laboratory, National Center for Atmospheric Research, University Corporation for Atmospheric Research"/>
   <contributor vocabulary="GCMD"
                name="UCAR/NCAR/EOL/RDP &gt; Research Data Program, Earth Observing Laboratory, National Center for Atmospheric Research, University Corporation for Atmospheric Research"
                formerName="UCAR/NCAR/ATD/RDP &gt; Research Data Program, Atmospheric Technology Division, National Center for Atmospheric Research, University Corporation for Atmospheric Research"
                contact="Prantner"/>
   <variable vocabulary="GCMD">EARTH SCIENCE &gt; Atmosphere &gt; Altitude &gt; Barometric Altitude</variable>
   <variable vocabulary="GCMD">EARTH SCIENCE &gt; Atmosphere &gt; Atmospheric Temperature &gt; Air Temperature</variable>
   <variable vocabulary="GCMD">EARTH SCIENCE &gt; Atmosphere &gt; Atmospheric Winds &gt; Upper Level Winds</variable>
   <contact>Bob Dattore</contact>
   <platform vocabulary="GCMD">AIRCRAFT</platform>
   <project vocabulary="GCMD">LIE &gt; Line Islands Experiment</project>
   <topic vocabulary="ISO">climatologyMeteorologyAtmosphere</topic>
   <publicationDate>1980-02-15</publicationDate>
   <contentMetadata>
      <temporal start="1967-02-28" end="1967-03-01" groupID="Entire Dataset"/>
      <temporalFrequency type="regular" number="1" unit="second"/>
      <dataType>grid</dataType>
      <dataType>platform_observation</dataType>
      <format href="http://www.unidata.ucar.edu/software/netcdf/">netCDF</format>
   </contentMetadata>
</dsOverview>
