<?xml version="1.0" encoding="UTF-8"?>
<dsOverview xmlns:xsi="http://www.w3.org/2001/XMLSchema-instance"
            xmlns="http://www.openarchives.org/OAI/2.0/"
            xsi:schemaLocation="http://rda.ucar.edu/schemas                                         http://rda.ucar.edu/schemas/dsOverview.xsd"
            ID="283.0"
            type="primary">
   <timeStamp value="2014-03-03 09:25:25 -0700"/>
   <continuingUpdate value="no"/>
   <title>Hansen and Lebedeff's Global Surface Temperature Analyses, monthly 1880-1987</title>
   <summary>
      <p>This dataset contains monthly surface temperature analyses
              for 1880-1987 for eighty equal-area zones over the globe.</p>
   </summary>
   <creator vocabulary="GCMD"
            name="UCAR/NCAR/CISL/DSS &gt; Data Support Section, Computational and Information Systems Laboratory, National Center for Atmospheric Research, University Corporation for Atmospheric Research"/>
   <contributor vocabulary="GCMD"
                name="NASA/GSFC/ESD/GISS &gt; Goddard Institute for Space Studies, Earth Sciences Directorate, Goddard Space Flight Center, NASA"
                contact="Hansen;Lebedeff"
                citable="yes"/>
   <variable vocabulary="GCMD">EARTH SCIENCE &gt; Atmosphere &gt; Atmospheric Temperature &gt; Air Temperature</variable>
   <contact>Bob Dattore</contact>
   <platform vocabulary="GCMD">GRIDDING METHODS</platform>
   <topic vocabulary="ISO">climatologyMeteorologyAtmosphere</topic>
   <reference type="journal">
      <authorList>Hansen, J., and S. Lebedeff</authorList>
      <year>1987</year>
      <title>Global trends of measured surface air temperature</title>
      <periodical number="92" pages="13345-13372">J. Geophys. Res.</periodical>
   </reference>
   <reference type="journal">
      <authorList>Hansen, J., and S. Lebedeff</authorList>
      <year>1988</year>
      <title>Global surface air temperatures: Update through 1987</title>
      <periodical number="15" pages="323-326">Geophys. Res. Lett.</periodical>
   </reference>
   <publicationDate>1988-07-06</publicationDate>
   <contentMetadata>
      <temporal start="1880" end="1987" groupID="Entire Dataset"/>
      <dataType>grid</dataType>
      <format>proprietary_ASCII</format>
      <levels>
         <level type="Ground or water surface" value="0"/>
      </levels>
   </contentMetadata>
</dsOverview>
