<?xml version="1.0" encoding="UTF-8"?>
<dsOverview xmlns:xsi="http://www.w3.org/2001/XMLSchema-instance"
            xmlns="http://www.openarchives.org/OAI/2.0/"
            xsi:schemaLocation="http://rda.ucar.edu/schemas                                         http://rda.ucar.edu/schemas/dsOverview.xsd"
            ID="523.0"
            type="primary">
   <timeStamp value="2013-02-26 16:11:57 -0700"/>
   <continuingUpdate value="no"/>
   <access pricingRate="standard">none_free</access>
   <title>Australia Summary of Day and Surface Observations, 1939(1957)-1982</title>
   <summary>
      <p>This dataset contains hourly observations and summary of day
              information from Australian observing stations generally from
              1957 to 1982, but some data go back as far as 1939.</p>
   </summary>
   <creator vocabulary="GCMD"
            name="UCAR/NCAR/CISL/DSS &gt; Data Support Section, Computational and Information Systems Laboratory, National Center for Atmospheric Research, University Corporation for Atmospheric Research"/>
   <contributor vocabulary="GCMD" name="AU/BOM &gt; Bureau of Meteorology, Australia"/>
   <variable vocabulary="GCMD">EARTH SCIENCE &gt; Atmosphere &gt; Atmospheric Pressure &gt; Surface Pressure</variable>
   <variable vocabulary="GCMD">EARTH SCIENCE &gt; Atmosphere &gt; Atmospheric Temperature &gt; Air Temperature</variable>
   <variable vocabulary="GCMD">EARTH SCIENCE &gt; Atmosphere &gt; Atmospheric Water Vapor &gt; Humidity</variable>
   <variable vocabulary="GCMD">EARTH SCIENCE &gt; Atmosphere &gt; Atmospheric Water Vapor &gt; Dew Point Temperature</variable>
   <variable vocabulary="GCMD">EARTH SCIENCE &gt; Atmosphere &gt; Atmospheric Winds &gt; Surface Winds</variable>
   <variable vocabulary="GCMD">EARTH SCIENCE &gt; Atmosphere &gt; Air Quality &gt; Visibility</variable>
   <variable vocabulary="GCMD">EARTH SCIENCE &gt; Atmosphere &gt; Clouds &gt; Cloud Amount/Frequency</variable>
   <variable vocabulary="GCMD">EARTH SCIENCE &gt; Atmosphere &gt; Clouds &gt; Cloud Types</variable>
   <variable vocabulary="GCMD">EARTH SCIENCE &gt; Atmosphere &gt; Clouds &gt; Cloud Base</variable>
   <variable vocabulary="GCMD">EARTH SCIENCE &gt; Land Surface &gt; Soils &gt; Soil Temperature</variable>
   <variable vocabulary="GCMD">EARTH SCIENCE &gt; Atmosphere &gt; Atmospheric Temperature &gt; Maximum/Minimum Temperature</variable>
   <variable vocabulary="GCMD">EARTH SCIENCE &gt; Atmosphere &gt; Precipitation &gt; Precipitation Amount</variable>
   <variable vocabulary="GCMD">EARTH SCIENCE &gt; Atmosphere &gt; Atmospheric Water Vapor &gt; Evaporation</variable>
   <variable vocabulary="GCMD">EARTH SCIENCE &gt; Atmosphere &gt; Atmospheric Radiation &gt; Shortwave Radiation</variable>
   <contact>Steven Worley</contact>
   <platform vocabulary="GCMD">FIXED OBSERVATION STATIONS</platform>
   <platform vocabulary="GCMD">GROUND STATIONS</platform>
   <platform vocabulary="GCMD">METEOROLOGICAL STATIONS</platform>
   <platform vocabulary="GCMD">WEATHER STATIONS</platform>
   <topic vocabulary="ISO">climatologyMeteorologyAtmosphere</topic>
   <publicationDate>1983-09-13</publicationDate>
   <contentMetadata>
      <temporal start="1939-01" end="1982-12" groupID="Entire Dataset"/>
      <dataType>platform_observation</dataType>
      <format>proprietary_ASCII</format>
      <format>proprietary_Binary</format>
      <levels>
         <level type="Ground or water surface" value="0" units=""/>
      </levels>
      <geospatialCoverage>
         <location>Continent &gt; Australia/new Zealand &gt; Australia</location>
      </geospatialCoverage>
   </contentMetadata>
</dsOverview>
