<?xml version="1.0" encoding="UTF-8"?>
<dsOverview xmlns:xsi="http://www.w3.org/2001/XMLSchema-instance"
            xmlns="http://www.openarchives.org/OAI/2.0/"
            xsi:schemaLocation="http://rda.ucar.edu/schemas                                         http://rda.ucar.edu/schemas/dsOverview.xsd"
            ID="289.0"
            type="historical">
   <timeStamp value="2010-10-18 13:19:12 -0600"/>
   <continuingUpdate value="no"/>
   <access pricingRate="standard">all_free</access>
   <title>Shea and Trenberth's Global Monthly Sea Surface Temperature Climatology</title>
   <summary>
      <p>Shea, Trenberth, and Reynolds (CAC) made improvements to
              the Reynolds (CAC) SST data set in the regions of the
              Gulf Stream and Kiroshio Current.</p>
   </summary>
   <creator vocabulary="GCMD"
            name="UCAR/NCAR/CISL/DSS &gt; Data Support Section, Computational and Information Systems Laboratory, National Center for Atmospheric Research, University Corporation for Atmospheric Research"/>
   <contributor vocabulary="GCMD"
                name="UCAR/NCAR/CGD/CAS &gt; Climate Analysis Section, Climate and Global Dynamics Division, National Center for Atmospheric Research, University Corporation for Atmospheric Research"
                contact="Dennis Shea;Kevin Trenberth"/>
   <contributor vocabulary="GCMD"
                name="DOC/NOAA/NWS/NCEP/CPC &gt; Climate Prediction Center, National Centers for Environmental Prediction, National Weather Service, NOAA, U.S. Department of Commerce"
                contact="R.W. Reynolds"/>
   <variable vocabulary="GCMD">EARTH SCIENCE &gt; Oceans &gt; Ocean Temperature &gt; Sea Surface Temperature</variable>
   <contact>Steven Worley</contact>
   <platform vocabulary="GCMD">GRIDDING METHODS</platform>
   <topic vocabulary="ISO">oceans</topic>
   <reference type="technical_report">
      <authorList>Shea, D.J., K.E. Trenberth, and R.W. Reynolds</authorList>
      <year>1990</year>
      <title>A global monthly sea surface temperature climatology</title>
      <organization reportID="TN-345+STR" pages="167">National Center for Atmospheric Research</organization>
   </reference>
   <reference type="journal">
      <authorList>Shea, D.J., K.E. Trenberth, and R.W. Reynolds</authorList>
      <year>1992</year>
      <title>A global monthly sea surface temperature climatology</title>
      <periodical number="5" pages="987-1001">J. Climate</periodical>
   </reference>
   <relatedResource url="http://www.cgd.ucar.edu/cas/catalog/surface/sst/str/">Author's web page</relatedResource>
   <publicationDate>1990-12-20</publicationDate>
   <contentMetadata>
      <temporal start="9998" end="9998" groupID="Entire Dataset"/>
      <temporalFrequency type="climatology" unit="month"/>
      <dataType>grid</dataType>
      <format>proprietary_ASCII</format>
      <levels>
         <level type="Ground or water surface" value="0" units=""/>
      </levels>
      <geospatialCoverage>
         <grid definition="latLon"
               numX="181"
               numY="91"
               startLon="0E"
               startLat="90S"
               endLon="360E"
               endLat="90N"
               xRes="2"
               yRes="2"/>
      </geospatialCoverage>
   </contentMetadata>
</dsOverview>
