<?xml version="1.0" encoding="UTF-8"?>
<dsOverview xmlns:xsi="http://www.w3.org/2001/XMLSchema-instance"
            xmlns="http://www.openarchives.org/OAI/2.0/"
            xsi:schemaLocation="http://rda.ucar.edu/schemas                                         http://rda.ucar.edu/schemas/dsOverview.xsd"
            ID="084.4"
            type="primary">
   <timeStamp value="2015-07-29 09:26:06 -0600"/>
   <doi>10.5065/D61N7Z6Q</doi>
   <continuingUpdate value="yes" frequency="daily"/>
   <title>NCEP GDAS/FNL Global Surface Flux Grids</title>
   <summary>
      <p>The NCEP operational Global Data Assimilation System surface flux grids are on a T574 Gaussian global grid.  Grids include analysis and forecast time steps at a 3 hourly interval from 0 to 9 hours.  Model runs occur at 00, 06, 12, and 18 UTC daily.  For real-time data access please use the <a href="http://www.nco.ncep.noaa.gov/pmb/products/gfs/#GDAS">NCEP data server</a>.</p>
   </summary>
   <creator vocabulary="GCMD"
            name="UCAR/NCAR/CISL/DSS &gt; Data Support Section, Computational and Information Systems Laboratory, National Center for Atmospheric Research, University Corporation for Atmospheric Research"/>
   <contributor vocabulary="GCMD"
                name="DOC/NOAA/NWS/NCEP &gt; National Centers for Environmental Prediction, National Weather Service, NOAA, U.S. Department of Commerce"
                citable="yes"/>
   <variable vocabulary="GCMD">EARTH SCIENCE &gt; Atmosphere &gt; Atmospheric Radiation &gt; Heat Flux</variable>
   <variable vocabulary="GCMD">EARTH SCIENCE &gt; Atmosphere &gt; Atmospheric Radiation &gt; Shortwave Radiation</variable>
   <variable vocabulary="GCMD">EARTH SCIENCE &gt; Atmosphere &gt; Atmospheric Radiation &gt; Longwave Radiation</variable>
   <variable vocabulary="GCMD">EARTH SCIENCE &gt; Land Surface &gt; Surface Radiative Properties &gt; Albedo</variable>
   <variable vocabulary="GCMD">EARTH SCIENCE &gt; Atmosphere &gt; Precipitation &gt; Precipitation Rate</variable>
   <variable vocabulary="GCMD">EARTH SCIENCE &gt; Atmosphere &gt; Atmospheric Water Vapor &gt; Evaporation</variable>
   <variable vocabulary="GCMD">EARTH SCIENCE &gt; Atmosphere &gt; Atmospheric Pressure &gt; Gravity Wave</variable>
   <variable vocabulary="GCMD">EARTH SCIENCE &gt; Atmosphere &gt; Atmospheric Water Vapor &gt; Sublimation</variable>
   <variable vocabulary="GCMD">EARTH SCIENCE &gt; Hydrosphere &gt; Snow/Ice &gt; Snow Cover</variable>
   <variable vocabulary="GCMD">EARTH SCIENCE &gt; Atmosphere &gt; Clouds &gt; Cloud Amount/Frequency</variable>
   <variable vocabulary="GCMD">EARTH SCIENCE &gt; Atmosphere &gt; Atmospheric Pressure &gt; Hydrostatic Pressure</variable>
   <variable vocabulary="GCMD">EARTH SCIENCE &gt; Atmosphere &gt; Atmospheric Temperature &gt; Air Temperature</variable>
   <variable vocabulary="GCMD">EARTH SCIENCE &gt; Oceans &gt; Ocean Temperature &gt; Sea Surface Temperature</variable>
   <variable vocabulary="GCMD">EARTH SCIENCE &gt; Land Surface &gt; Land Temperature &gt; Skin Temperature</variable>
   <variable vocabulary="GCMD">EARTH SCIENCE &gt; Atmosphere &gt; Atmospheric Temperature &gt; Surface Air Temperature</variable>
   <variable vocabulary="GCMD">EARTH SCIENCE &gt; Land Surface &gt; Soils &gt; Soil Temperature</variable>
   <variable vocabulary="GCMD">EARTH SCIENCE &gt; Hydrosphere &gt; Snow/Ice &gt; Snow Water Equivalent</variable>
   <variable vocabulary="GCMD">EARTH SCIENCE &gt; Land Surface &gt; Land Use/Land Cover &gt; Land Cover</variable>
   <variable vocabulary="GCMD">EARTH SCIENCE &gt; Oceans &gt; Sea Ice &gt; Ice Extent</variable>
   <variable vocabulary="GCMD">EARTH SCIENCE &gt; Atmosphere &gt; Altitude &gt; Planetary Boundary Layer Height</variable>
   <variable vocabulary="GCMD">EARTH SCIENCE &gt; Oceans &gt; Sea Ice &gt; Ice Depth/Thickness</variable>
   <variable vocabulary="GCMD">EARTH SCIENCE &gt; Hydrosphere &gt; Snow/Ice &gt; Snow Depth</variable>
   <variable vocabulary="GCMD">EARTH SCIENCE &gt; Land Surface &gt; Topography &gt; Surface Roughness</variable>
   <variable vocabulary="GCMD">EARTH SCIENCE &gt; Biosphere &gt; Vegetation &gt; Vegetation Cover</variable>
   <variable vocabulary="GCMD">EARTH SCIENCE &gt; Biosphere &gt; Vegetation &gt; Vegetation Species</variable>
   <variable vocabulary="GCMD">EARTH SCIENCE &gt; Land Surface &gt; Soils &gt; Soil Classification</variable>
   <variable vocabulary="GCMD">EARTH SCIENCE &gt; Atmosphere &gt; Altitude &gt; Geopotential Height</variable>
   <variable vocabulary="GCMD">EARTH SCIENCE &gt; Atmosphere &gt; Atmospheric Winds &gt; Surface Winds</variable>
   <variable vocabulary="GCMD">EARTH SCIENCE &gt; Atmosphere &gt; Atmospheric Winds &gt; Upper Level Winds</variable>
   <variable vocabulary="GCMD">EARTH SCIENCE &gt; Atmosphere &gt; Atmospheric Water Vapor &gt; Humidity</variable>
   <variable vocabulary="GCMD">EARTH SCIENCE &gt; Atmosphere &gt; Atmospheric Water Vapor &gt; Precipitable Water</variable>
   <variable vocabulary="GCMD">EARTH SCIENCE &gt; Land Surface &gt; Soils &gt; Soil Moisture/Water Content</variable>
   <variable vocabulary="GCMD">EARTH SCIENCE &gt; Hydrosphere &gt; Surface Water &gt; Runoff</variable>
   <variable vocabulary="GCMD">EARTH SCIENCE &gt; Atmosphere &gt; Atmospheric Temperature &gt; Maximum/Minimum Temperature</variable>
   <contact>Doug Schuster</contact>
   <platform vocabulary="GCMD">OPERATIONAL MODELS</platform>
   <topic vocabulary="ISO">climatologyMeteorologyAtmosphere</topic>
   <relatedResource url="http://www.nco.ncep.noaa.gov/pmb/products/gfs/#GDAS">NCEP GDAS 'real-time' operational data access</relatedResource>
   <relatedResource url="http://www.emc.ncep.noaa.gov/gmb/gdas/">NCEP GDAS description</relatedResource>
   <relatedDataset ID="084.1"/>
   <relatedDataset ID="083.2"/>
   <relatedDataset ID="084.3"/>
   <relatedDataset ID="335.0"/>
   <relatedDataset ID="083.3"/>
   <publicationDate>2015-03-11</publicationDate>
   <contentMetadata>
      <temporal start="2015-02-22 00:00 +0000"
                end="2015-11-26 03:00 +0000"
                groupID="Entire Dataset"/>
      <temporalFrequency type="regular" number="6" unit="hour"/>
      <temporalFrequency type="regular" number="5" unit="hour"/>
      <temporalFrequency type="regular" number="3" unit="hour"/>
      <dataType>grid</dataType>
      <dataType>platform_observation</dataType>
      <format>WMO_GRIB2</format>
      <geospatialCoverage>
         <grid definition="gaussLatLon"
               numX="3072"
               numY="1536"
               startLon="0E"
               startLat="89.91N"
               endLon="359.883E"
               endLat="89.91S"
               xRes="0.117"/>
      </geospatialCoverage>
   </contentMetadata>
</dsOverview>
