<?xml version="1.0" encoding="UTF-8"?>
<dsOverview xmlns:xsi="http://www.w3.org/2001/XMLSchema-instance"
            xmlns="http://www.openarchives.org/OAI/2.0/"
            xsi:schemaLocation="http://rda.ucar.edu/schemas                                         http://rda.ucar.edu/schemas/dsOverview.xsd"
            ID="240.5"
            type="historical">
   <timeStamp value="2015-02-10 21:06:35 -0700"/>
   <continuingUpdate value="no"/>
   <title>U.S. Navy FNOC Southern Hemisphere Sea Surface Temperature Analyses, daily August 1974 to January 1983</title>
   <summary>
      <p>Extracted by DSS from the "full stack" of grids in <a href="http://rda.ucar.edu/datasets/ds240.6/">DS240.6</a>
      </p>
      <p>
              Unless you have a special interest in this dataset, DSS recommends that you
              use one of our reanalysis datasets, such as <a href="http://rda.ucar.edu/datasets/ds090.0/">ds090.0</a>.  That's because those are
              based on a more complete collection of observations, improved analysis methods,
              and are provided in a common modern format (GRIB).
              </p>
   </summary>
   <creator vocabulary="GCMD"
            name="UCAR/NCAR/CISL/DSS &gt; Data Support Section, Computational and Information Systems Laboratory, National Center for Atmospheric Research, University Corporation for Atmospheric Research"/>
   <contributor vocabulary="GCMD"
                name="UCAR/NCAR/CISL/DSS &gt; Data Support Section, Computational and Information Systems Laboratory, National Center for Atmospheric Research, University Corporation for Atmospheric Research"
                formerName="UCAR/NCAR/CISL/DSS &gt; Data Support Section, Scientific Computing Division, National Center for Atmospheric Research, University Corporation for Atmospheric Research"
                citable="no"/>
   <contributor vocabulary="GCMD"
                name="DOD/USNAVY/FNMOC &gt; Fleet Numerical Meteorology and Oceanography Center, U.S. Navy, U. S. Department of Defense"
                contact="James Zuver"
                citable="no"/>
   <variable vocabulary="GCMD">EARTH SCIENCE &gt; Oceans &gt; Ocean Temperature &gt; Sea Surface Temperature</variable>
   <contact>Bob Dattore</contact>
   <platform vocabulary="GCMD">MODELS</platform>
   <topic vocabulary="ISO">climatologyMeteorologyAtmosphere</topic>
   <relatedDataset ID="240.0"/>
   <publicationDate>1987-09-29</publicationDate>
   <contentMetadata>
      <temporal start="1974-08" end="1983-01" groupID="Entire Dataset"/>
      <temporalFrequency type="regular" number="1" unit="day"/>
      <dataType>grid</dataType>
      <format>DSS_Navy_Grid</format>
      <levels>
         <level type="Ground or water surface" value="0"/>
      </levels>
      <geospatialCoverage>
         <grid definition="polarStereographic"
               numX="63"
               numY="63"
               startLon="145E"
               startLat="19.116N"
               projLon="100.0E"
               xRes="381"
               yRes="381"
               pole="S"/>
      </geospatialCoverage>
   </contentMetadata>
</dsOverview>
