<?xml version="1.0" encoding="UTF-8"?>
<dsOverview xmlns:xsi="http://www.w3.org/2001/XMLSchema-instance"
            xmlns="http://www.openarchives.org/OAI/2.0/"
            xsi:schemaLocation="http://rda.ucar.edu/schemas                                         http://rda.ucar.edu/schemas/dsOverview.xsd"
            ID="564.0"
            type="historical">
   <timeStamp value="2015-11-21 10:33:01 -0700"/>
   <continuingUpdate value="yes" frequency="quarterly"/>
   <title>Global Historical Climatology Net (GHCN) Version 2 Temperature, Precipitation, Pressure</title>
   <summary>
      <p>The Global Historical Climatology Network (GHCN) is a
              comprehensive global surface baseline climate data set designed
              for monitoring and detecting climate change. Comprised of
              surface station observations of temperature, precipitation, and
              pressure, all GHCN data are on a monthly basis. GHCN is produced
              jointly by the National Climatic Data Center, Arizona State
              University, and Carbon Dioxide Information Analysis Center at
              Oak Ridge National Laboratory.</p>
   </summary>
   <creator vocabulary="GCMD"
            name="UCAR/NCAR/CISL/DSS &gt; Data Support Section, Computational and Information Systems Laboratory, National Center for Atmospheric Research, University Corporation for Atmospheric Research"/>
   <contributor vocabulary="GCMD"
                name="DOC/NOAA/NESDIS/NCDC &gt; National Climatic Data Center, NESDIS, NOAA, U.S. Department of Commerce"
                citable="no"/>
   <contributor vocabulary="GCMD"
                name="DOE/ORNL/ESD/CDIAC &gt; Carbon Dioxide Information Analysis Center, Environmental Sciences Division, Oak Ridge National Laboratory, U. S. Department of Energy"
                contact="T. A. Boden"
                citable="no"/>
   <contributor vocabulary="GCMD"
                name="AZ-STATE/AZCLIM &gt; Office of Climatology, Arizona State University"
                contact="Russ Vose"
                citable="no"/>
   <variable vocabulary="GCMD">EARTH SCIENCE &gt; Atmosphere &gt; Atmospheric Temperature &gt; Air Temperature</variable>
   <variable vocabulary="GCMD">EARTH SCIENCE &gt; Atmosphere &gt; Precipitation &gt; Precipitation Amount</variable>
   <variable vocabulary="GCMD">EARTH SCIENCE &gt; Atmosphere &gt; Atmospheric Pressure &gt; Surface Pressure</variable>
   <variable vocabulary="GCMD">EARTH SCIENCE &gt; Atmosphere &gt; Atmospheric Pressure &gt; Sea Level Pressure</variable>
   <contact>Bob Dattore</contact>
   <platform vocabulary="GCMD">FIXED OBSERVATION STATIONS</platform>
   <platform vocabulary="GCMD">GROUND STATIONS</platform>
   <platform vocabulary="GCMD">WEATHER STATIONS</platform>
   <topic vocabulary="ISO">climatologyMeteorologyAtmosphere</topic>
   <relatedResource url="http://www.ncdc.noaa.gov/ghcnm/v2.php">Most recent information on GHCN Version 2 at NCDC</relatedResource>
   <relatedResource url="http://daac.ornl.gov/CLIMATE/guides/ghcn.html">Global Historical Climatology Network, 1753-1990</relatedResource>
   <relatedResource url="http://cdiac.esd.ornl.gov/epubs/ndp/ndp041/ndp041.html">CDIAC NDP-041</relatedResource>
   <publicationDate>1995-09-06</publicationDate>
   <contentMetadata>
      <temporal start="1701-01-01" end="2010-03-31" groupID="Entire Dataset"/>
      <temporalFrequency type="regular" number="1" unit="month"/>
      <dataType>grid</dataType>
      <dataType>platform_observation</dataType>
      <format>proprietary_ASCII</format>
   </contentMetadata>
</dsOverview>
