<?xml version="1.0" encoding="UTF-8"?>
<dsOverview xmlns:xsi="http://www.w3.org/2001/XMLSchema-instance"
            xmlns="http://www.openarchives.org/OAI/2.0/"
            xsi:schemaLocation="http://rda.ucar.edu/schemas                                         http://rda.ucar.edu/schemas/dsOverview.xsd"
            ID="094.1"
            type="primary">
   <timeStamp value="2015-07-21 21:14:01 -0600"/>
   <continuingUpdate value="yes" frequency="monthly"/>
   <title>NCEP Climate Forecast System Version 2 (CFSv2) Selected Hourly Time-Series Products</title>
   <summary>
      <p>The National Centers for Environmental Prediction (NCEP) Climate Forecast System (CFS) is initialized four times per day (0000, 0600, 1200, and 1800 UTC). NCEP upgraded CFS to version 2 on March 30, 2011.  This is the same model that was used to create the NCEP Climate Forecast System Reanalysis (CFSR).  Selected CFS time series products are available at 0.2, 0.5, 1.0, and 2.5 degree horizontal resolutions at hourly intervals by combining either 1) the analysis and one- through five-hour forecasts, or 2) the one- through six-hour forecasts, for each initialization time. Beginning with January 1, 2011, these data are archived as an extension of CFSR.  For more information about CFS, please see <a href="http://cfs.ncep.noaa.gov/">http://cfs.ncep.noaa.gov/</a>.</p>
      <p>The files in this dataset are grouped by month, so data for a particular month are not available until a few days into the subsequent month.  If you need data for the current month, please consult the CFSv2 dataset that contains the complete suite of 6-hourly products.</p>
   </summary>
   <creator vocabulary="GCMD"
            name="UCAR/NCAR/CISL/DSS &gt; Data Support Section, Computational and Information Systems Laboratory, National Center for Atmospheric Research, University Corporation for Atmospheric Research"/>
   <contributor vocabulary="GCMD"
                name="DOC/NOAA/NWS/NCEP/EMC &gt; Environmental Modeling Center, National Centers for Environmental Prediction, National Weather Service, NOAA, U.S. Department of Commerce"
                citable="yes"/>
   <author>Suranjana Saha</author>
   <author>Shrinivas Moorthi</author>
   <author>Xingren Wu</author>
   <author>Jiande Wang</author>
   <author>Sudhir Nadiga</author>
   <author>Patrick Tripp</author>
   <author>David Behringer</author>
   <author>Yu-Tai Hou</author>
   <author>Hui-ya Chuang</author>
   <author>Mark Iredell</author>
   <author>Michael Ek</author>
   <author>Jesse Meng</author>
   <author>Rongqian Yang</author>
   <author>Malaquias Pena Mendez</author>
   <author>Huug van den Dool</author>
   <author>Qin Zhang</author>
   <author>Wanqiu Wang</author>
   <author>Mingyue Chen</author>
   <author>Emily Becker</author>
   <variable vocabulary="GCMD">EARTH SCIENCE &gt; Atmosphere &gt; Atmospheric Winds &gt; Surface Winds</variable>
   <variable vocabulary="GCMD">EARTH SCIENCE &gt; Oceans &gt; Ocean Temperature &gt; Sea Surface Temperature</variable>
   <variable vocabulary="GCMD">EARTH SCIENCE &gt; Land Surface &gt; Land Temperature &gt; Skin Temperature</variable>
   <variable vocabulary="GCMD">EARTH SCIENCE &gt; Atmosphere &gt; Atmospheric Temperature &gt; Surface Air Temperature</variable>
   <variable vocabulary="GCMD">EARTH SCIENCE &gt; Atmosphere &gt; Atmospheric Water Vapor &gt; Humidity</variable>
   <variable vocabulary="GCMD">EARTH SCIENCE &gt; Oceans &gt; Sea Ice &gt; Ice Extent</variable>
   <variable vocabulary="GCMD">EARTH SCIENCE &gt; Atmosphere &gt; Atmospheric Winds &gt; Upper Level Winds</variable>
   <variable vocabulary="GCMD">EARTH SCIENCE &gt; Atmosphere &gt; Altitude &gt; Geopotential Height</variable>
   <variable vocabulary="GCMD">EARTH SCIENCE &gt; Atmosphere &gt; Atmospheric Radiation &gt; Heat Flux</variable>
   <variable vocabulary="GCMD">EARTH SCIENCE &gt; Atmosphere &gt; Precipitation &gt; Precipitation Rate</variable>
   <variable vocabulary="GCMD">EARTH SCIENCE &gt; Atmosphere &gt; Atmospheric Radiation &gt; Shortwave Radiation</variable>
   <variable vocabulary="GCMD">EARTH SCIENCE &gt; Atmosphere &gt; Atmospheric Radiation &gt; Longwave Radiation</variable>
   <variable vocabulary="GCMD">EARTH SCIENCE &gt; Land Surface &gt; Soils &gt; Soil Temperature</variable>
   <variable vocabulary="GCMD">EARTH SCIENCE &gt; Hydrosphere &gt; Snow/Ice &gt; Snow Water Equivalent</variable>
   <variable vocabulary="GCMD">EARTH SCIENCE &gt; Oceans &gt; Sea Ice &gt; Ice Depth/Thickness</variable>
   <variable vocabulary="GCMD">EARTH SCIENCE &gt; Land Surface &gt; Soils &gt; Soil Moisture/Water Content</variable>
   <variable vocabulary="GCMD">EARTH SCIENCE &gt; Atmosphere &gt; Atmospheric Temperature &gt; Air Temperature</variable>
   <variable vocabulary="GCMD">EARTH SCIENCE &gt; Atmosphere &gt; Atmospheric Water Vapor &gt; Precipitable Water</variable>
   <variable vocabulary="GCMD">EARTH SCIENCE &gt; Atmosphere &gt; Atmospheric Pressure &gt; Hydrostatic Pressure</variable>
   <variable vocabulary="GCMD">EARTH SCIENCE &gt; Atmosphere &gt; Atmospheric Winds &gt; Vorticity</variable>
   <variable vocabulary="GCMD">EARTH SCIENCE &gt; Atmosphere &gt; Atmospheric Winds &gt; Streamfunctions</variable>
   <variable vocabulary="GCMD">EARTH SCIENCE &gt; Atmosphere &gt; Atmospheric Winds &gt; Vertical Wind Motion</variable>
   <variable vocabulary="GCMD">EARTH SCIENCE &gt; Atmosphere &gt; Atmospheric Temperature &gt; Maximum/Minimum Temperature</variable>
   <variable vocabulary="GCMD">EARTH SCIENCE &gt; Hydrosphere &gt; Surface Water &gt; Runoff</variable>
   <variable vocabulary="GCMD">EARTH SCIENCE &gt; Atmosphere &gt; Clouds &gt; Cloud Amount/Frequency</variable>
   <contact>Bob Dattore</contact>
   <platform vocabulary="GCMD">NCEP-CFSV2 &gt; NCEP Climate Forecast System Version 2</platform>
   <platform vocabulary="GCMD">OPERATIONAL MODELS</platform>
   <platform vocabulary="GCMD">MODELS</platform>
   <project vocabulary="GCMD">CFSV2 &gt; NCEP Climate Forecast System Version 2</project>
   <project vocabulary="GCMD">CFSR &gt; NCEP Climate Forecast System Reanalysis</project>
   <topic vocabulary="ISO">climatologyMeteorologyAtmosphere</topic>
   <reference type="journal">
      <authorList>Saha, Suranjana, and Coauthors</authorList>
      <year>2014</year>
      <title>The NCEP Climate Forecast System Version 2</title>
      <periodical number="27" pages="2185-2208">J. Climate</periodical>
      <doi>10.1175/JCLI-D-12-00823.1</doi>
   </reference>
   <relatedResource url="https://climatedataguide.ucar.edu/climate-data/climate-forecast-system-reanalysis-cfsr">Description of CFSR at the NCAR Climate Data Guide</relatedResource>
   <relatedDataset ID="094.0"/>
   <relatedDataset ID="093.1"/>
   <publicationDate>2011-06-03</publicationDate>
   <contentMetadata>
      <temporal start="2011-01-01 00:00 +0000"
                end="2015-11-01 00:00 +0000"
                groupID="Entire Dataset"/>
      <temporalFrequency type="regular" number="6" unit="hour"/>
      <dataType>grid</dataType>
      <dataType>platform_observation</dataType>
      <format>WMO_GRIB2</format>
      <geospatialCoverage>
         <grid definition="gaussLatLon"
               numX="192"
               numY="94"
               startLon="0E"
               startLat="88.542N"
               endLon="358.125E"
               endLat="88.542S"
               xRes="1.875"/>
      </geospatialCoverage>
      <geospatialCoverage>
         <grid definition="latLon"
               numX="720"
               numY="361"
               startLon="0E"
               startLat="90N"
               endLon="359.5E"
               endLat="90S"
               xRes="0.5"
               yRes="0.5"/>
      </geospatialCoverage>
      <geospatialCoverage>
         <grid definition="gaussLatLon"
               numX="1760"
               numY="880"
               startLon="0E"
               startLat="89.844N"
               endLon="359.795E"
               endLat="89.844S"
               xRes="0.205"/>
      </geospatialCoverage>
      <geospatialCoverage>
         <grid definition="latLon"
               numX="144"
               numY="73"
               startLon="0E"
               startLat="90N"
               endLon="357.5E"
               endLat="90S"
               xRes="2.5"
               yRes="2.5"/>
      </geospatialCoverage>
      <geospatialCoverage>
         <grid definition="gaussLatLon"
               numX="1760"
               numY="880"
               startLon="0E"
               startLat="89.843N"
               endLon="359.795E"
               endLat="89.843S"
               xRes="0.205"/>
      </geospatialCoverage>
      <geospatialCoverage>
         <grid definition="latLon"
               numX="360"
               numY="181"
               startLon="0E"
               startLat="90N"
               endLon="359E"
               endLat="90S"
               xRes="1"
               yRes="1"/>
      </geospatialCoverage>
      <geospatialCoverage>
         <grid definition="latLon"
               numX="720"
               numY="360"
               startLon="0.25E"
               startLat="89.75N"
               endLon="359.75E"
               endLat="89.75S"
               xRes="0.5"
               yRes="0.5"/>
      </geospatialCoverage>
   </contentMetadata>
</dsOverview>
