<?xml version="1.0" encoding="UTF-8"?>
<dsOverview xmlns:xsi="http://www.w3.org/2001/XMLSchema-instance"
            xmlns="http://www.openarchives.org/OAI/2.0/"
            xsi:schemaLocation="http://rda.ucar.edu/schemas                                         http://rda.ucar.edu/schemas/dsOverview.xsd"
            ID="473.5"
            type="historical">
   <timeStamp value="2015-11-02 14:19:48 -0700"/>
   <continuingUpdate value="no"/>
   <title>University of Wisconsin Greenland Surface Observations</title>
   <summary>
      <p>This dataset contains daily surface observations from polar
              automatic weather stations on Greenland for January 1987 to
              October 1991.  Observations are reported every 3 hours and are archived for 8 stations.</p>
      <p>Data for 18 automatic weather stations in Greenland are available starting in 1999 from the
              <a href="http://cires.colorado.edu/science/groups/steffen/gcnet/">Greenland Climate Network</a>
      </p>
   </summary>
   <creator vocabulary="GCMD"
            name="UCAR/NCAR/CISL/DSS &gt; Data Support Section, Computational and Information Systems Laboratory, National Center for Atmospheric Research, University Corporation for Atmospheric Research"/>
   <contributor vocabulary="GCMD"
                name="UWI-MAD/SSEC/AMRC &gt; Antarctic Meteorological Research Center, Space Science and Engineering Center, University of Wisconsin, Madison"
                citable="yes"/>
   <variable vocabulary="GCMD">EARTH SCIENCE &gt; Atmosphere &gt; Atmospheric Pressure &gt; Surface Pressure</variable>
   <variable vocabulary="GCMD">EARTH SCIENCE &gt; Atmosphere &gt; Atmospheric Temperature &gt; Air Temperature</variable>
   <variable vocabulary="GCMD">EARTH SCIENCE &gt; Atmosphere &gt; Atmospheric Water Vapor &gt; Humidity</variable>
   <variable vocabulary="GCMD">EARTH SCIENCE &gt; Atmosphere &gt; Atmospheric Winds &gt; Surface Winds</variable>
   <contact>Chi-Fan Shih</contact>
   <platform vocabulary="GCMD">FIXED OBSERVATION STATIONS</platform>
   <platform vocabulary="GCMD">GROUND STATIONS</platform>
   <platform vocabulary="GCMD">METEOROLOGICAL STATIONS</platform>
   <platform vocabulary="GCMD">WEATHER STATIONS</platform>
   <topic vocabulary="ISO">climatologyMeteorologyAtmosphere</topic>
   <reference type="preprint">
      <authorList>Stearns, C.R., and G.A. Weidner</authorList>
      <year>1991</year>
      <title>The polar automatic weather station project of the University of Wisconsin</title>
      <conference host="University of Alaska" location="Fairbanks, AK" pages="58-62">Int. Conf. on the Role of the Polar Regions in Global Change</conference>
   </reference>
   <relatedResource url="http://cires.colorado.edu/science/groups/steffen/gcnet/">Data for Greenland stations starting in 1999 are available from the Greenland Climate Network</relatedResource>
   <relatedDataset ID="464.1"/>
   <publicationDate>1992-10-02</publicationDate>
   <contentMetadata>
      <temporal start="1987-05-04" end="1998-06-19" groupID="Entire Dataset"/>
      <temporalFrequency type="regular" number="8" unit="hour"/>
      <temporalFrequency type="regular" number="3" unit="hour"/>
      <dataType>grid</dataType>
      <dataType>platform_observation</dataType>
      <format>proprietary_ASCII</format>
   </contentMetadata>
</dsOverview>
