<?xml version="1.0" encoding="UTF-8"?>
<dsOverview xmlns:xsi="http://www.w3.org/2001/XMLSchema-instance"
            xmlns="http://www.openarchives.org/OAI/2.0/"
            xsi:schemaLocation="http://rda.ucar.edu/schemas                                         http://rda.ucar.edu/schemas/dsOverview.xsd"
            ID="195.0"
            type="primary">
   <timeStamp value="2014-01-15 21:21:39 -0700"/>
   <continuingUpdate value="yes" frequency="quarterly"/>
   <title>Daily Northern Hemisphere 47x51 Time Series Tropospheric Analyses, continuing from 1946 (but generally 1962)</title>
   <summary>
      <p>This dataset contains a time-series collection of daily
              gridded Northern Hemisphere tropospheric data on a 47-by-51
              polar-stereographic grid.  These grids have been assembled by
              DSS from the analyses of various operational models and
              meteorological projects, and they cover the overarching period
              from January 1946 forward, although periods for individual
              parameters and levels will vary.  The grids continue to be
              updated with new data.</p>
      <p>Available parameters include sea-level pressure, surface and
              sea-surface temperatures, and upper-level geopotential height,
              temperature, wind, and vertical motion at levels from 1000 millibars up
              to 100 millibars.</p>
   </summary>
   <creator vocabulary="GCMD"
            name="UCAR/NCAR/CISL/DSS &gt; Data Support Section, Computational and Information Systems Laboratory, National Center for Atmospheric Research, University Corporation for Atmospheric Research"/>
   <contributor vocabulary="GCMD"
                name="UCAR/NCAR/CISL/DSS &gt; Data Support Section, Computational and Information Systems Laboratory, National Center for Atmospheric Research, University Corporation for Atmospheric Research"
                formerName="UCAR/NCAR/CISL/DSS &gt; Data Support Section, Scientific Computing Division, National Center for Atmospheric Research, University Corporation for Atmospheric Research"
                citable="yes"/>
   <contributor vocabulary="GCMD"
                name="DOD/USNAVY/FNMOC &gt; Fleet Numerical Meteorology and Oceanography Center, U.S. Navy, U. S. Department of Defense"
                citable="yes"/>
   <contributor vocabulary="GCMD"
                name="DOC/NOAA/NWS/NCEP &gt; National Centers for Environmental Prediction, National Weather Service, NOAA, U.S. Department of Commerce"
                citable="yes"/>
   <variable vocabulary="GCMD">EARTH SCIENCE &gt; Atmosphere &gt; Atmospheric Pressure &gt; Sea Level Pressure</variable>
   <variable vocabulary="GCMD">EARTH SCIENCE &gt; Oceans &gt; Ocean Temperature &gt; Sea Surface Temperature</variable>
   <variable vocabulary="GCMD">EARTH SCIENCE &gt; Atmosphere &gt; Atmospheric Temperature &gt; Surface Air Temperature</variable>
   <variable vocabulary="GCMD">EARTH SCIENCE &gt; Atmosphere &gt; Altitude &gt; Geopotential Height</variable>
   <variable vocabulary="GCMD">EARTH SCIENCE &gt; Atmosphere &gt; Atmospheric Temperature &gt; Air Temperature</variable>
   <variable vocabulary="GCMD">EARTH SCIENCE &gt; Atmosphere &gt; Atmospheric Winds &gt; Upper Level Winds</variable>
   <variable vocabulary="GCMD">EARTH SCIENCE &gt; Atmosphere &gt; Atmospheric Winds &gt; Vertical Wind Motion</variable>
   <contact>Bob Dattore</contact>
   <platform vocabulary="GCMD">MODELS</platform>
   <platform vocabulary="GCMD">OPERATIONAL MODELS</platform>
   <project vocabulary="GCMD">ESSPO &gt; 433L ESSPO</project>
   <topic vocabulary="ISO">climatologyMeteorologyAtmosphere</topic>
   <relatedDataset ID="085.0"/>
   <relatedDataset ID="195.1"/>
   <relatedDataset ID="085.1"/>
   <publicationDate>1979-12-05</publicationDate>
   <contentMetadata>
      <temporal start="1946-01-01 12:00 +0000"
                end="2009-12-31 12:00 +0000"
                groupID="Entire Dataset"/>
      <temporalFrequency type="regular" number="1" unit="day"/>
      <temporalFrequency type="regular" number="1" unit="month"/>
      <temporalFrequency type="regular" number="1" unit="week"/>
      <temporalFrequency type="regular" number="12" unit="hour"/>
      <temporalFrequency type="regular" number="2" unit="day"/>
      <dataType>grid</dataType>
      <dataType>platform_observation</dataType>
      <format href="http://dss.ucar.edu/datasets/common/nmc.octagon/format.html">DSS_Octagonal_Grid</format>
      <geospatialCoverage>
         <grid definition="polarStereographic"
               numX="47"
               numY="51"
               startLon="122.61W"
               startLat="4.86S"
               projLon="80W"
               xRes="381"
               yRes="381"
               pole="N"/>
      </geospatialCoverage>
   </contentMetadata>
</dsOverview>
