<?xml version="1.0" encoding="UTF-8"?>
<dsOverview xmlns:xsi="http://www.w3.org/2001/XMLSchema-instance"
            xmlns="http://www.openarchives.org/OAI/2.0/"
            xsi:schemaLocation="http://rda.ucar.edu/schemas                                         http://rda.ucar.edu/schemas/dsOverview.xsd"
            ID="540.0"
            type="primary">
   <timeStamp value="2015-02-10 20:19:55 -0700"/>
   <doi>10.5065/D6H70CSV</doi>
   <continuingUpdate value="yes" frequency="monthly"/>
   <title>International Comprehensive Ocean-Atmosphere Data Set (ICOADS) Release 2.5, Individual Observations</title>
   <summary>
      <p>The International Comprehensive Ocean-Atmosphere Data Set (ICOADS) is a global ocean marine meteorological and surface ocean dataset.  It is formed by merging many national and international data sources that contain measurements and visual observations from ships (merchant, navy, research), moored and drifting buoys, coastal stations, and other marine platforms.  Each report contains individual observations of meteorological and oceanographic variables, such as sea surface and air temperatures, wind, pressure, humidity, and cloudiness.  The coverage is global and sampling density varies depending on date and geographic position relative to shipping routes and ocean observing systems.</p>
      <p>All three U.S. ICOADS partners (NOAA/ESRL, NOAA/NCDC, NCAR) offer various data
              access and format options.  To review all available options see the
              <a href="http://icoads.noaa.gov/products.html">ICOADS website</a>.
              </p>
      <p>IMPORTANT: The time period of data available is defined in two segments.
              <ul>
            <li>ICOADS Release 2.5 covers 1662 through 2007</li>
            <li>All data following the Release 2.5 end date is based exclusively on real-time GTS data with minimal quality control.  These data should be considered preliminary and will be subject to change in new Releases of ICOADS</li>
         </ul>
      </p>
   </summary>
   <creator vocabulary="GCMD"
            name="UCAR/NCAR/CISL/DSS &gt; Data Support Section, Computational and Information Systems Laboratory, National Center for Atmospheric Research, University Corporation for Atmospheric Research"/>
   <contributor vocabulary="GCMD"
                name="DOC/NOAA/NESDIS/NCDC &gt; National Climatic Data Center, NESDIS, NOAA, U.S. Department of Commerce"
                citable="yes"/>
   <contributor vocabulary="GCMD"
                name="UCAR/NCAR/CISL/DSS &gt; Data Support Section, Computational and Information Systems Laboratory, National Center for Atmospheric Research, University Corporation for Atmospheric Research"
                formerName="UCAR/NCAR/CISL/DSS &gt; Data Support Section, Scientific Computing Division, National Center for Atmospheric Research, University Corporation for Atmospheric Research"
                citable="yes"/>
   <contributor vocabulary="GCMD"
                name="DOC/NOAA/ESRL &gt; Earth System Research Laboratory, NOAA, U.S. Department of Commerce"
                formerName="Climate Diagnostic Center"
                contact="Scott Woodruff, Scott.D.Woodruff@noaa.gov"
                citable="yes"/>
   <contributor vocabulary="GCMD"
                name="UCO/CIRES &gt; Cooperative Institute for Research in Environmental Sciences, University of Colorado"
                citable="yes"/>
   <contributor vocabulary="GCMD"
                name="DOC/NOAA/OAR/PMEL &gt; Pacific Marine Environmental Laboratory, OAR, NOAA, U.S. Department of Commerce"
                citable="no"/>
   <contributor vocabulary="GCMD"
                name="DOC/NOAA/NWS/NDBC &gt; National Data Buoy Center, National Weather Service, NOAA, U.S. Department of Commerce"
                citable="no"/>
   <contributor vocabulary="GCMD"
                name="CA/DFO/ISDM &gt; Integrated Science Data Management, Fisheries and Oceans, Canada"
                formerName="MEDS"
                citable="no"/>
   <contributor vocabulary="GCMD"
                name="GB/MOD/MET &gt; Met Office, Ministry of Defence, United Kingdom"
                citable="no"/>
   <contributor vocabulary="GCMD"
                name="DOC/NOAA/NWS/NCEP &gt; National Centers for Environmental Prediction, National Weather Service, NOAA, U.S. Department of Commerce"
                citable="no"/>
   <contributor vocabulary="GCMD"
                name="DOC/NOAA/NESDIS/NODC/OCL &gt; Ocean Climate Laboratory, National Oceanographic Data Center, NESDIS, NOAA, U.S. Department of Commerce"
                citable="no"/>
   <contributor vocabulary="GCMD"
                name="JP/JAMSTEC/TRITON &gt; TRITON Office, Japan Marine Science and Technology Center, Japan"
                citable="no"/>
   <contributor vocabulary="GCMD"
                name="FSU/COAPS &gt; Center for Ocean-Atmospheric Prediction Studies, Florida State University"
                citable="no"/>
   <contributor vocabulary="GCMD"
                name="DE/DWD &gt; Deutscher Wetterdienst (German Meteorological Service), Germany"
                citable="no"/>
   <contributor vocabulary="GCMD"
                name="UN/WMO &gt; World Meteorological Organization, United Nations"
                citable="no"/>
   <contributor vocabulary="GCMD"
                name="GB/NOCS &gt; National Oceanography Centre, Southampton, United Kingdom"
                citable="no"/>
   <variable vocabulary="GCMD">EARTH SCIENCE &gt; Atmosphere &gt; Clouds &gt; Cloud Amount/Frequency</variable>
   <variable vocabulary="GCMD">EARTH SCIENCE &gt; Atmosphere &gt; Atmospheric Temperature &gt; Air Temperature</variable>
   <variable vocabulary="GCMD">EARTH SCIENCE &gt; Atmosphere &gt; Atmospheric Water Vapor &gt; Dew Point Temperature</variable>
   <variable vocabulary="GCMD">EARTH SCIENCE &gt; Atmosphere &gt; Air Quality &gt; Visibility</variable>
   <variable vocabulary="GCMD">EARTH SCIENCE &gt; Oceans &gt; Ocean Temperature &gt; Sea Surface Temperature</variable>
   <variable vocabulary="GCMD">EARTH SCIENCE &gt; Atmosphere &gt; Atmospheric Water Vapor &gt; Humidity</variable>
   <variable vocabulary="GCMD">EARTH SCIENCE &gt; Oceans &gt; Ocean Waves &gt; Wave Speed/Direction</variable>
   <variable vocabulary="GCMD">EARTH SCIENCE &gt; Oceans &gt; Ocean Waves &gt; Swells</variable>
   <variable vocabulary="GCMD">EARTH SCIENCE &gt; Oceans &gt; Ocean Waves &gt; Wave Height</variable>
   <variable vocabulary="GCMD">EARTH SCIENCE &gt; Atmosphere &gt; Atmospheric Pressure &gt; Sea Level Pressure</variable>
   <variable vocabulary="GCMD">EARTH SCIENCE &gt; Atmosphere &gt; Atmospheric Winds &gt; Surface Winds</variable>
   <variable vocabulary="GCMD">EARTH SCIENCE &gt; Atmosphere &gt; Atmospheric Pressure &gt; Pressure Tendency</variable>
   <variable vocabulary="GCMD">EARTH SCIENCE &gt; Atmosphere &gt; Clouds &gt; Cloud Height</variable>
   <variable vocabulary="GCMD">EARTH SCIENCE &gt; Oceans &gt; Ocean Waves &gt; Wave Frequency</variable>
   <variable vocabulary="GCMD">EARTH SCIENCE &gt; Atmosphere &gt; Clouds &gt; Cloud Types</variable>
   <variable vocabulary="GCMD">EARTH SCIENCE &gt; Cryosphere &gt; Sea Ice &gt; Sea Ice Concentration</variable>
   <variable vocabulary="GCMD">EARTH SCIENCE &gt; Cryosphere &gt; Sea Ice &gt; Ice Edges</variable>
   <variable vocabulary="GCMD">EARTH SCIENCE &gt; Atmosphere &gt; Precipitation &gt; Precipitation Amount</variable>
   <contact>Zaihua Ji</contact>
   <platform vocabulary="GCMD">SHIPS</platform>
   <platform vocabulary="GCMD">MOVING SHIPS</platform>
   <platform vocabulary="GCMD">MOORINGS</platform>
   <platform vocabulary="GCMD">DRIFTING OBSERVATION STATIONS</platform>
   <platform vocabulary="GCMD">OCEAN WEATHER STATIONS</platform>
   <platform vocabulary="GCMD">BUOYS</platform>
   <platform vocabulary="GCMD">COASTAL STATIONS</platform>
   <project vocabulary="GCMD">ICOADS &gt; International Comprehensive Ocean Atmosphere Data Set</project>
   <topic vocabulary="ISO">oceans</topic>
   <reference type="journal">
      <authorList>Worley, S.J., S.D. Woodruff, R.W. Reynolds, S.J. Lubker, and N. Lott</authorList>
      <year>2005</year>
      <title>ICOADS Release 2.1 data and products</title>
      <periodical number="25" pages="823-842">Int. J. Climatol. (CLIMAR-II Special Issue)</periodical>
      <doi>10.1002/joc.1166</doi>
      <url>http://www.wmo.int/pages/prog/amp/mmop/documents/J-TR-13-REV1.html</url>
   </reference>
   <reference type="journal">
      <authorList>Kent, E. C., S. D. Woodruff and D. I. Berry</authorList>
      <year>2007</year>
      <title>WMO Publication No. 47 metadata and an assessment of observation heights in ICOADS</title>
      <periodical number="24(2)" pages="214-234">J. Atmos. Oceanic Technol.</periodical>
      <url>http://journals.ametsoc.org/doi/full/10.1175/JTECH1949.1</url>
   </reference>
   <reference type="journal">
      <authorList>Woodruff, S.D., S.J. Worley, S.J. Lubker, Z. Ji, J.E. Freeman, D.I. Berry, P. Brohan, E.C. Kent, R.W. Reynolds, S.R. Smith, C. Wilkinson</authorList>
      <year>2011</year>
      <title>ICOADS Release 2.5: extensions and enhancements to the surface marine meteorological archive</title>
      <periodical number="31(7)" pages="951-967">International Journal of Climatology</periodical>
      <doi>10.1002/joc.2103</doi>
      <url>http://onlinelibrary.wiley.com/doi/10.1002/joc.2103/full</url>
   </reference>
   <reference type="journal">
      <authorList>Woodruff, S.D., H.F. Diaz, S.J. Worley, R.W. Reynolds, and S.J. Lubker</authorList>
      <year>2005</year>
      <title>Early ship observational data and ICOADS</title>
      <periodical number="73" pages="169-194">Climatic Change</periodical>
      <doi>10.1007/s10584-005-3456-3</doi>
   </reference>
   <relatedResource url="http://icoads.noaa.gov/">ICOADS Project Website</relatedResource>
   <relatedResource url="http://icoads.noaa.gov/reclaim/">RECLAIM Project Website</relatedResource>
   <relatedDataset ID="540.1"/>
   <publicationDate>1984-02-16</publicationDate>
   <contentMetadata>
      <temporal start="1662-10-15" end="2015-10-31" groupID="Entire Dataset"/>
      <temporalFrequency type="regular" number="1" unit="day"/>
      <temporalFrequency type="regular" number="0" unit="hour"/>
      <temporalFrequency type="regular" number="1" unit="hour"/>
      <temporalFrequency type="regular" number="0" unit="minute"/>
      <temporalFrequency type="regular" number="1" unit="minute"/>
      <temporalFrequency type="regular" number="15" unit="second"/>
      <temporalFrequency type="regular" number="1" unit="month"/>
      <temporalFrequency type="regular" number="8" unit="day"/>
      <temporalFrequency type="regular" number="1" unit="week"/>
      <temporalFrequency type="regular" number="2" unit="day"/>
      <dataType>grid</dataType>
      <dataType>platform_observation</dataType>
      <format>NOAA_IMMA</format>
   </contentMetadata>
</dsOverview>
