<?xml version="1.0" encoding="UTF-8"?>
<dsOverview xmlns:xsi="http://www.w3.org/2001/XMLSchema-instance"
            xmlns="http://www.openarchives.org/OAI/2.0/"
            xsi:schemaLocation="http://rda.ucar.edu/schemas                                         http://rda.ucar.edu/schemas/dsOverview.xsd"
            ID="111.1"
            type="primary">
   <timeStamp value="2015-02-11 14:43:00 -0700"/>
   <continuingUpdate value="no"/>
   <title>ECMWF TOGA Global Advanced Operational Surface Analysis, daily 1985-2010</title>
   <summary>
      <p>This dataset contains the high resolution output from
              the ECMWF operational model.  This set contains only
              surface data on a gaussian (N80) grid with a resolution
              of about 1.125 degrees.</p>
   </summary>
   <creator vocabulary="GCMD"
            name="UCAR/NCAR/CISL/DSS &gt; Data Support Section, Computational and Information Systems Laboratory, National Center for Atmospheric Research, University Corporation for Atmospheric Research"/>
   <contributor vocabulary="GCMD"
                name="ECMWF &gt; European Centre for Medium-Range Weather Forecasts"
                contact="Keith Fielding"
                citable="yes"/>
   <restrictions>
      <access>
         <p>We are allowed to distribute this data to US scientists, scientists visiting US organizations, and Canadian scientists affiliated with UCAR member organizations only</p>
      </access>
      <usage>
         <p>This data must not be used for commercial purposes.  ECMWF must be given credit in any publications in which this data is used.</p>
      </usage>
   </restrictions>
   <variable vocabulary="GCMD">EARTH SCIENCE &gt; Land Surface &gt; Soils &gt; Soil Moisture/Water Content</variable>
   <variable vocabulary="GCMD">EARTH SCIENCE &gt; Land Surface &gt; Soils &gt; Soil Temperature</variable>
   <variable vocabulary="GCMD">EARTH SCIENCE &gt; Hydrosphere &gt; Snow/Ice &gt; Snow/Ice Temperature</variable>
   <variable vocabulary="GCMD">EARTH SCIENCE &gt; Atmosphere &gt; Air Quality &gt; Tropospheric Ozone</variable>
   <variable vocabulary="GCMD">EARTH SCIENCE &gt; Land Surface &gt; Topography &gt; Surface Roughness</variable>
   <variable vocabulary="GCMD">EARTH SCIENCE &gt; Atmosphere &gt; Atmospheric Water Vapor &gt; Dew Point Temperature</variable>
   <variable vocabulary="GCMD">EARTH SCIENCE &gt; Atmosphere &gt; Atmospheric Temperature &gt; Surface Air Temperature</variable>
   <variable vocabulary="GCMD">EARTH SCIENCE &gt; Atmosphere &gt; Atmospheric Winds &gt; Surface Winds</variable>
   <variable vocabulary="GCMD">EARTH SCIENCE &gt; Atmosphere &gt; Clouds &gt; Cloud Amount/Frequency</variable>
   <variable vocabulary="GCMD">EARTH SCIENCE &gt; Land Surface &gt; Surface Radiative Properties &gt; Anisotropy</variable>
   <variable vocabulary="GCMD">EARTH SCIENCE &gt; Atmosphere &gt; Atmospheric Pressure &gt; Sea Level Pressure</variable>
   <variable vocabulary="GCMD">EARTH SCIENCE &gt; Hydrosphere &gt; Snow/Ice &gt; Snow Water Equivalent</variable>
   <variable vocabulary="GCMD">EARTH SCIENCE &gt; Atmosphere &gt; Atmospheric Water Vapor &gt; Water Vapor</variable>
   <variable vocabulary="GCMD">EARTH SCIENCE &gt; Atmosphere &gt; Atmospheric Water Vapor &gt; Precipitable Water</variable>
   <variable vocabulary="GCMD">EARTH SCIENCE &gt; Atmosphere &gt; Atmospheric Pressure &gt; Surface Pressure</variable>
   <variable vocabulary="GCMD">EARTH SCIENCE &gt; Atmosphere &gt; Atmospheric Radiation &gt; Shortwave Radiation</variable>
   <variable vocabulary="GCMD">EARTH SCIENCE &gt; Land Surface &gt; Land Temperature &gt; Skin Temperature</variable>
   <variable vocabulary="GCMD">EARTH SCIENCE &gt; Hydrosphere &gt; Snow/Ice &gt; Snow Density</variable>
   <variable vocabulary="GCMD">EARTH SCIENCE &gt; Hydrosphere &gt; Snow/Ice &gt; Albedo</variable>
   <variable vocabulary="GCMD">EARTH SCIENCE &gt; Oceans &gt; Sea Ice &gt; Ice Extent</variable>
   <variable vocabulary="GCMD">EARTH SCIENCE &gt; Biosphere &gt; Vegetation &gt; Vegetation Species</variable>
   <variable vocabulary="GCMD">EARTH SCIENCE &gt; Biosphere &gt; Vegetation &gt; Vegetation Cover</variable>
   <contact>Steven Worley</contact>
   <platform vocabulary="GCMD">MODELS</platform>
   <platform vocabulary="GCMD">ECMWFIFS &gt; ECMWF Integrated Forecast System</platform>
   <topic vocabulary="ISO">climatologyMeteorologyAtmosphere</topic>
   <relatedResource url="http://www.ecmwf.int">ECMWF Web Site</relatedResource>
   <relatedDataset ID="111.0"/>
   <relatedDataset ID="111.2"/>
   <relatedDataset ID="111.3"/>
   <relatedDataset ID="111.6"/>
   <relatedDataset ID="117.0"/>
   <relatedDataset ID="627.0"/>
   <relatedDataset ID="113.0"/>
   <publicationDate>1991-01-02</publicationDate>
   <contentMetadata>
      <temporal start="1985-01-01 00:00 +0000"
                end="2010-12-31 18:00 +0000"
                groupID="Entire Dataset"/>
      <temporalFrequency type="regular" number="6" unit="hour"/>
      <temporalFrequency type="regular" number="4" unit="hour"/>
      <dataType>grid</dataType>
      <dataType>platform_observation</dataType>
      <format href="http://dss.ucar.edu/docs/formats/grib/gribdoc/">WMO_GRIB1</format>
      <format>WMO_GRIB0</format>
      <geospatialCoverage>
         <grid definition="gaussLatLon"
               numX="320"
               numY="160"
               startLon="0E"
               startLat="89.142N"
               endLon="358.875E"
               endLat="89.142S"
               xRes="1.125"/>
      </geospatialCoverage>
      <geospatialCoverage>
         <grid definition="gaussLatLon"
               numX="320"
               numY="160"
               startLon="0E"
               startLat="89.141N"
               endLon="358.875E"
               endLat="89.141S"
               xRes="1.125"/>
      </geospatialCoverage>
      <geospatialCoverage>
         <grid definition="gaussLatLon"
               numX="192"
               numY="96"
               startLon="0E"
               startLat="88.572N"
               endLon="358.125E"
               endLat="88.572S"
               xRes="1.875"/>
      </geospatialCoverage>
   </contentMetadata>
</dsOverview>
