<?xml version="1.0" encoding="UTF-8"?>
<dsOverview xmlns:xsi="http://www.w3.org/2001/XMLSchema-instance"
            xmlns="http://www.openarchives.org/OAI/2.0/"
            xsi:schemaLocation="http://rda.ucar.edu/schemas                                         http://rda.ucar.edu/schemas/dsOverview.xsd"
            ID="402.0"
            type="primary">
   <timeStamp value="2013-02-26 20:16:40 -0700"/>
   <continuingUpdate value="no"/>
   <access pricingRate="standard">none_free</access>
   <title>U.S.S.R. Radiosonde Observations, 1961-1970</title>
   <summary>
      <p>This dataset contains upper air reports from six stations in
              the U.S.S.R.:  Olyonok, Kustanay, Petropavlosk-Kamchatskiy,
              Omsk, Alma-ata, and Chita, for the period from January 1961 to
              December 1970.</p>
   </summary>
   <creator vocabulary="GCMD"
            name="UCAR/NCAR/CISL/DSS &gt; Data Support Section, Computational and Information Systems Laboratory, National Center for Atmospheric Research, University Corporation for Atmospheric Research"/>
   <contributor vocabulary="GCMD"
                name="RU/SRIHI/WDC &gt; World Data Center, All-Union Scientific Research Institute for Hydrometeorological Information, Russia"/>
   <variable vocabulary="GCMD">EARTH SCIENCE &gt; Atmosphere &gt; Altitude &gt; Geopotential Height</variable>
   <variable vocabulary="GCMD">EARTH SCIENCE &gt; Atmosphere &gt; Atmospheric Temperature &gt; Air Temperature</variable>
   <variable vocabulary="GCMD">EARTH SCIENCE &gt; Atmosphere &gt; Atmospheric Winds &gt; Upper Level Winds</variable>
   <variable vocabulary="GCMD">EARTH SCIENCE &gt; Atmosphere &gt; Atmospheric Water Vapor &gt; Humidity</variable>
   <variable vocabulary="GCMD">EARTH SCIENCE &gt; Atmosphere &gt; Atmospheric Pressure &gt; Atmospheric Pressure Measurements</variable>
   <contact>Bob Dattore</contact>
   <platform vocabulary="GCMD">FIXED OBSERVATION STATIONS</platform>
   <platform vocabulary="GCMD">GROUND STATIONS</platform>
   <platform vocabulary="GCMD">METEOROLOGICAL STATIONS</platform>
   <platform vocabulary="GCMD">WEATHER STATIONS</platform>
   <platform vocabulary="GCMD">RAWINSONDES</platform>
   <topic vocabulary="ISO">climatologyMeteorologyAtmosphere</topic>
   <publicationDate>1987-04-24</publicationDate>
   <contentMetadata>
      <temporal start="1961-01" end="1970-12" groupID="Entire Dataset"/>
      <dataType>platform_observation</dataType>
      <format>proprietary_Binary</format>
      <geospatialCoverage>
         <location>Continent &gt; Europe &gt; Eastern Europe &gt; Western Russia</location>
         <location>Continent &gt; Asia &gt; Southcentral Asia &gt; Kazakhstan</location>
         <location>Continent &gt; Asia &gt; Central/Eastern Russia</location>
      </geospatialCoverage>
   </contentMetadata>
</dsOverview>
