<?xml version="1.0" encoding="UTF-8"?>
<dsOverview xmlns:xsi="http://www.w3.org/2001/XMLSchema-instance"
            xmlns="http://www.openarchives.org/OAI/2.0/"
            xsi:schemaLocation="http://rda.ucar.edu/schemas                                         http://rda.ucar.edu/schemas/dsOverview.xsd"
            ID="126.1"
            type="primary">
   <timeStamp value="2015-02-11 11:09:08 -0700"/>
   <doi>10.5065/D6XK8CKC</doi>
   <continuingUpdate value="no"/>
   <title>ERA40 T85 Monthly Mean Analysis Fields on Pressure Surfaces, created at NCAR</title>
   <summary>
      <p>DS126.1 represents a dataset implemented and computed by NCAR's Data Support Section, and forms an essential
              part of efforts undertaken in late 2004, early 2005, to produce an archive of selected segments of ERA-40 on a
              standard transformation grid. In this case, ERA-40 monthly mean upper air variables on 23 pressure levels were
              transformed from either spherical harmonics (geopotential, temperature, vertical pressure velocity, vorticity,
              divergence, relative humidity), or a reduced N80 Gaussian grid (potential vorticity, specific humidity, ozone
              mass mixing ratio), to a 256 by 128 regular Gaussian grid at T85 spectral truncation. In addition, horizontal wind
              components were derived from spectral vorticity and divergence and also archived on a T85 Gaussian grid. All
              scalar fields were transformed using routines from the ECMWF EMOS library, whereas the horizontal winds were
              obtained using NCAR's SPHEREPACK library.
              All corresponding 00Z, 06Z, 12Z, and 18Z monthly mean upper air variables on 23
              pressure levels were also transformed to a T85 Gaussian grid. The choice of a T85 Gaussian grid was based on considerations of limiting
              the volume of new data generated to a moderate level, and to match the horizontal resolution of the
              <a href="http://www.cesm.ucar.edu/models/atm-cam/">Community Atmosphere Model (CAM)</a> component of
              NCAR's Community Climate System Model (CCSM).</p>
      <p>The ERA-Interim data from ECMWF is an update to the ERA-40 project.  The ERA-Interim data starts in 1989 and has a higher horizontal resolution (T255, N128 nominally 0.703125 degrees) than the ERA-40 data (T159, N80 nominally  1.125 degrees).  ERA-Interim is based on a more current model than ERA-40 and uses 4DVAR (as opposed to 3DVAR in ERA-40).  ECMWF will continue to run the ERA-Interim model in near real time through at least 2010, and possibly longer.  This data is available in        <a href="http://rda.ucar.edu/datasets/ds627.0/">ds627.0</a>. </p>
   </summary>
   <creator vocabulary="GCMD"
            name="UCAR/NCAR/CISL/DSS &gt; Data Support Section, Computational and Information Systems Laboratory, National Center for Atmospheric Research, University Corporation for Atmospheric Research"/>
   <contributor vocabulary="GCMD"
                name="UCAR/NCAR/CISL/DSS &gt; Data Support Section, Computational and Information Systems Laboratory, National Center for Atmospheric Research, University Corporation for Atmospheric Research"
                formerName="UCAR/NCAR/CISL/DSS &gt; Data Support Section, Scientific Computing Division, National Center for Atmospheric Research, University Corporation for Atmospheric Research"
                citable="no"/>
   <contributor vocabulary="GCMD"
                name="ECMWF &gt; European Centre for Medium-Range Weather Forecasts"
                citable="no"/>
   <restrictions>
      <access>
         <p>We are allowed to distribute this data to US scientists, scientists visiting US organizations, and Canadian scientists affiliated with UCAR member organizations only.</p>
      </access>
      <usage>
         <p>The data can be used for non-commercial research only.</p>
      </usage>
   </restrictions>
   <variable vocabulary="GCMD">EARTH SCIENCE &gt; Atmosphere &gt; Atmospheric Winds &gt; Convergence/Divergence</variable>
   <variable vocabulary="GCMD">EARTH SCIENCE &gt; Atmosphere &gt; Atmospheric Winds &gt; Vorticity</variable>
   <variable vocabulary="GCMD">EARTH SCIENCE &gt; Atmosphere &gt; Atmospheric Winds &gt; Vertical Wind Motion</variable>
   <variable vocabulary="GCMD">EARTH SCIENCE &gt; Atmosphere &gt; Atmospheric Water Vapor &gt; Humidity</variable>
   <variable vocabulary="GCMD">EARTH SCIENCE &gt; Atmosphere &gt; Atmospheric Temperature &gt; Air Temperature</variable>
   <variable vocabulary="GCMD">EARTH SCIENCE &gt; Atmosphere &gt; Air Quality &gt; Tropospheric Ozone</variable>
   <variable vocabulary="GCMD">EARTH SCIENCE &gt; Atmosphere &gt; Atmospheric Winds &gt; Upper Level Winds</variable>
   <contact>Dave Stepaniak</contact>
   <platform vocabulary="GCMD">MODELS</platform>
   <platform vocabulary="GCMD">ERA40DAS &gt; ERA40 Data Assimilation System</platform>
   <project vocabulary="GCMD">ERA40 &gt; ECMWF ERA40 Reanalysis Project</project>
   <topic vocabulary="ISO">climatologyMeteorologyAtmosphere</topic>
   <referenceURL url="http://www.ecmwf.int/publications/library/do/references/list/192">ERA40 Report Series</referenceURL>
   <relatedResource url="http://www.ecmwf.int/en/research/climate-reanalysis">ECMWF's Climate Reanalysis web site</relatedResource>
   <relatedDataset ID="627.0"/>
   <publicationDate>2005-05-04</publicationDate>
   <contentMetadata>
      <temporal start="1957-09-01 00:00 +0000"
                end="2002-08-31 18:00 +0000"
                groupID="Entire Dataset"/>
      <temporalFrequency type="regular" number="1" unit="month"/>
      <dataType>grid</dataType>
      <dataType>platform_observation</dataType>
      <format href="http://dss.ucar.edu/docs/formats/grib/gribdoc/">WMO_GRIB1</format>
      <geospatialCoverage>
         <grid definition="gaussLatLon"
               numX="256"
               numY="128"
               startLon="0E"
               startLat="88.928N"
               endLon="358.594E"
               endLat="88.928S"
               xRes="1.406"/>
      </geospatialCoverage>
   </contentMetadata>
</dsOverview>
