<?xml version="1.0" encoding="UTF-8"?>
<dsOverview xmlns:xsi="http://www.w3.org/2001/XMLSchema-instance"
            xmlns="http://www.openarchives.org/OAI/2.0/"
            xsi:schemaLocation="http://rda.ucar.edu/schemas                                         http://rda.ucar.edu/schemas/dsOverview.xsd"
            ID="206.0"
            type="primary">
   <timeStamp value="2008-04-07 13:36:26 -0600"/>
   <continuingUpdate value="no"/>
   <access pricingRate="standard">all_free</access>
   <title>Van de Boogard's Climate Analyses, January and July</title>
   <summary>
      <p>Climatologies for January and July were created for several
              levels and variables for the tropics and mid-latitudes from
              analyzed maps.  Data from 1961 to 1980 were used to create the
              2.5-degree resolution gridded climatologies.</p>
   </summary>
   <creator vocabulary="GCMD"
            name="UCAR/NCAR/CISL/DSS &gt; Data Support Section, Computational and Information Systems Laboratory, National Center for Atmospheric Research, University Corporation for Atmospheric Research"/>
   <contributor vocabulary="GCMD"
                name="SLU/EAS &gt; Department of Earth and Atmospheric Sciences, Saint Louis University"
                contact="G.V. Rao"/>
   <contributor vocabulary="GCMD"
                name="UCAR/NCAR/CGD &gt; Climate and Global Dynamics Division, National Center for Atmospheric Research, University Corporation for Atmospheric Research"
                formerName="Atmospheric Analysis and Prediction Division"
                contact="Henry van de Boogaard"/>
   <variable vocabulary="GCMD">EARTH SCIENCE &gt; Atmosphere &gt; Atmospheric Temperature &gt; Air Temperature</variable>
   <variable vocabulary="GCMD">EARTH SCIENCE &gt; Atmosphere &gt; Atmospheric Water Vapor &gt; Dew Point Temperature</variable>
   <variable vocabulary="GCMD">EARTH SCIENCE &gt; Atmosphere &gt; Altitude &gt; Geopotential Height</variable>
   <variable vocabulary="GCMD">EARTH SCIENCE &gt; Atmosphere &gt; Atmospheric Pressure &gt; Sea Level Pressure</variable>
   <variable vocabulary="GCMD">EARTH SCIENCE &gt; Atmosphere &gt; Atmospheric Winds &gt; Upper Level Winds</variable>
   <variable vocabulary="GCMD">EARTH SCIENCE &gt; Atmosphere &gt; Atmospheric Winds &gt; Convergence/Divergence</variable>
   <variable vocabulary="GCMD">EARTH SCIENCE &gt; Atmosphere &gt; Atmospheric Winds &gt; Vorticity</variable>
   <variable vocabulary="GCMD">EARTH SCIENCE &gt; Atmosphere &gt; Atmospheric Winds &gt; Streamfunctions</variable>
   <contact>Bob Dattore</contact>
   <platform vocabulary="GCMD">MAPS</platform>
   <topic vocabulary="ISO">climatologyMeteorologyAtmosphere</topic>
   <publicationDate>1989-04-28</publicationDate>
   <contentMetadata>
      <temporal start="1961" end="1980" groupID="Entire Dataset"/>
      <temporalFrequency type="climatology" unit="month"/>
      <dataType>grid</dataType>
      <format>proprietary_ASCII</format>
      <format>proprietary_Binary</format>
      <levels>
         <level type="Isobaric level" value="1013" units="mbar"/>
         <level type="Isobaric level" value="850" units="mbar"/>
         <level type="Isobaric level" value="700" units="mbar"/>
         <level type="Isobaric level" value="500" units="mbar"/>
         <level type="Isobaric level" value="300" units="mbar"/>
         <level type="Isobaric level" value="200" units="mbar"/>
         <level type="Isobaric level" value="150" units="mbar"/>
         <level type="Isobaric level" value="100" units="mbar"/>
      </levels>
      <geospatialCoverage>
         <grid definition="latLon"
               numX="145"
               numY="35"
               startLon="0E"
               startLat="40S"
               endLon="360E"
               endLat="45N"
               xRes="2.5"
               yRes="2.5"/>
      </geospatialCoverage>
   </contentMetadata>
</dsOverview>
