<?xml version="1.0" encoding="UTF-8"?>
<dsOverview xmlns:xsi="http://www.w3.org/2001/XMLSchema-instance"
            xmlns="http://www.openarchives.org/OAI/2.0/"
            xsi:schemaLocation="http://rda.ucar.edu/schemas                                         http://rda.ucar.edu/schemas/dsOverview.xsd"
            ID="512.0"
            type="primary">
   <timeStamp value="2014-01-15 21:42:23 -0700"/>
   <continuingUpdate value="yes" frequency="half-yearly"/>
   <title>CPC Global Summary of Day/Month Observations, 1979-continuing</title>
   <summary>
      <p>This global summary of the day and month data set is obtained
              on a delayed monthly basis from
              the Climate Prediction Center (CPC) of the National Centers for
              Environmental Prediction (NCEP). CPC extracts surface synoptic
              weather observations from the Global Telecommunications
              System (GTS) and performs limited automated validation of the
              parameters. The data is then summarized for all reporting stations
              on a daily basis to current operational requirements related to
              the assessment of crop and energy production.</p>
      <p>Data coverage begins in 1979. In 1987 there is a format change and additional parameters were added.
              Major parameters include maximum temperature, minimum temperature,
              precipitation, vapor pressure, sea level pressure, maximum
              relative humidity, and minimum relative humidity.
              If the maximum or
              minimum temperatures are not reported, they are estimated from
              reported air temperatures in the regular synoptic reports when
              sufficient data exist.
              Starting in 1994, total sky cover, 3-hourly wind direction and speed, and total snow depth are included.
              There are approximately 8900 actively reporting stations. Periods of record vary widely among the stations.</p>
      <p>
         <font color="red"> CAUTIONARY NOTE: NCEP incorrectly decoded the wind units indicator from February 1, 2001 until 1500 UTC on June 11, 2002,
              which caused a knots versus meters-per-second problem. Not all stations were affected. Users may, with caution, apply the knots or meters-per-second
              conversion where it appears to be the correct choice.</font>
      </p>
   </summary>
   <creator vocabulary="GCMD"
            name="UCAR/NCAR/CISL/DSS &gt; Data Support Section, Computational and Information Systems Laboratory, National Center for Atmospheric Research, University Corporation for Atmospheric Research"/>
   <contributor vocabulary="GCMD"
                name="DOC/NOAA/NWS/NCEP/CPC &gt; Climate Prediction Center, National Centers for Environmental Prediction, National Weather Service, NOAA, U.S. Department of Commerce"
                citable="yes"/>
   <variable vocabulary="GCMD">EARTH SCIENCE &gt; Atmosphere &gt; Atmospheric Pressure &gt; Sea Level Pressure</variable>
   <variable vocabulary="GCMD">EARTH SCIENCE &gt; Atmosphere &gt; Precipitation &gt; Precipitation Amount</variable>
   <variable vocabulary="GCMD">EARTH SCIENCE &gt; Atmosphere &gt; Atmospheric Water Vapor &gt; Evapotranspiration</variable>
   <variable vocabulary="GCMD">EARTH SCIENCE &gt; Atmosphere &gt; Atmospheric Water Vapor &gt; Humidity</variable>
   <variable vocabulary="GCMD">EARTH SCIENCE &gt; Atmosphere &gt; Atmospheric Temperature &gt; Maximum/Minimum Temperature</variable>
   <variable vocabulary="GCMD">EARTH SCIENCE &gt; Atmosphere &gt; Atmospheric Winds &gt; Wind Chill</variable>
   <variable vocabulary="GCMD">EARTH SCIENCE &gt; Atmosphere &gt; Atmospheric Radiation &gt; Net Radiation</variable>
   <variable vocabulary="GCMD">EARTH SCIENCE &gt; Atmosphere &gt; Atmospheric Radiation &gt; Sunshine</variable>
   <variable vocabulary="GCMD">EARTH SCIENCE &gt; Atmosphere &gt; Atmospheric Water Vapor &gt; Evaporation</variable>
   <variable vocabulary="GCMD">EARTH SCIENCE &gt; Atmosphere &gt; Atmospheric Temperature &gt; Air Temperature</variable>
   <variable vocabulary="GCMD">EARTH SCIENCE &gt; Atmosphere &gt; Atmospheric Temperature &gt; Degree Days</variable>
   <contact>Steven Worley</contact>
   <platform vocabulary="GCMD">WEATHER STATIONS</platform>
   <platform vocabulary="GCMD">METEOROLOGICAL STATIONS</platform>
   <platform vocabulary="GCMD">FIXED OBSERVATION STATIONS</platform>
   <platform vocabulary="GCMD">GROUND STATIONS</platform>
   <topic vocabulary="ISO">climatologyMeteorologyAtmosphere</topic>
   <relatedDataset ID="463.2"/>
   <relatedDataset ID="467.0"/>
   <relatedDataset ID="464.0"/>
   <publicationDate>1987-03-27</publicationDate>
   <contentMetadata>
      <temporal start="1987-01-01" end="2012-03-31" groupID="Entire Dataset"/>
      <temporalFrequency type="regular" number="1" unit="day"/>
      <temporalFrequency type="regular" number="1" unit="month"/>
      <temporalFrequency type="regular" number="3" unit="day"/>
      <dataType>grid</dataType>
      <dataType>platform_observation</dataType>
      <format>proprietary_ASCII</format>
   </contentMetadata>
</dsOverview>
