<?xml version="1.0" encoding="UTF-8"?>
<dsOverview xmlns:xsi="http://www.w3.org/2001/XMLSchema-instance"
            xmlns="http://www.openarchives.org/OAI/2.0/"
            xsi:schemaLocation="http://rda.ucar.edu/schemas                                         http://rda.ucar.edu/schemas/dsOverview.xsd"
            ID="090.0"
            type="primary">
   <timeStamp value="2015-02-11 21:26:53 -0700"/>
   <continuingUpdate value="yes" frequency="monthly"/>
   <title>NCEP/NCAR Global Reanalysis Products, 1948-continuing</title>
   <summary>
      <p>Products from NCEP/NCAR Reanalysis Project (NNRP or R1) are archived
              in this dataset.  The resolution of the global Reanalysis
              Model is T62 (209 km) with 28 vertical sigma levels.
              Results are available at 6 hour intervals. Although the initial plan
              is to reanalyze the data for a 40-year period (1957-1996),
              production has gone back to 1948 and going forward continuously.
              Future plans call for rerunning the entire period as next
              generation models are ready.</p>
      <p>There are over 80 different variables, (including geopotential height,
              temperature, relative humidity, u- and v- wind components, etc.) in
              several different coordinate systems, such as 17 pressure level
              stack on 2.5 by 2.5 degree grids, 28 sigma level stack on 192 by 94
              Gaussian grids, and 11 isentropic level stack on 2.5 by 2.5 degree
              grid. They are organized as different subgroups in the archive.
              In addition to analyses, diagnostic terms (for example: radiative heating,
              convective heating) and accumulative variables (like precipitation rate)
              are present. The input observations are archived with quality and usage flags
              in WMO BUFR format. Most of the project outputs are stored in
              WMO GRIB format. Other files, such as restart files and zonal statistics,
              are saved in IEEE format.</p>
      <p>Some special periods are analyzed more than once
              to provide data for special research studies.  For
              example, a special run of 1979 was made excluding
              most satellite inputs.  This run could be used for
              evaluating the impact of satellite data on the
              analysis.  During the TOGA COARE experiment period, special
              runs of reanalysis model without experimental
              data are archived under the TOGA COARE directory.</p>
      <p>For details and problems, see <a href="http://rda.ucar.edu/datasets/ds090.0/inventories/TOGA-COARE/">NCEP/NCAR Reanalysis TOGA COARE</a>.
              Monthly means are on line at <a href="http://rda.ucar.edu/datasets/ds090.2/">ds090.2</a>.
              The R1 forecasts are in <a href="http://rda.ucar.edu/datasets/ds090.1/">ds090.1</a> dataset.
              </p>
   </summary>
   <creator vocabulary="GCMD"
            name="UCAR/NCAR/CISL/DSS &gt; Data Support Section, Computational and Information Systems Laboratory, National Center for Atmospheric Research, University Corporation for Atmospheric Research"/>
   <contributor vocabulary="GCMD"
                name="DOC/NOAA/NWS/NCEP &gt; National Centers for Environmental Prediction, National Weather Service, NOAA, U.S. Department of Commerce"
                citable="yes"/>
   <variable vocabulary="GCMD">EARTH SCIENCE &gt; Atmosphere &gt; Atmospheric Temperature &gt; Virtual Temperature</variable>
   <variable vocabulary="GCMD">EARTH SCIENCE &gt; Atmosphere &gt; Atmospheric Pressure &gt; Sea Level Pressure</variable>
   <variable vocabulary="GCMD">EARTH SCIENCE &gt; Atmosphere &gt; Atmospheric Winds &gt; Vorticity</variable>
   <variable vocabulary="GCMD">EARTH SCIENCE &gt; Atmosphere &gt; Atmospheric Radiation &gt; Incoming Solar Radiation</variable>
   <variable vocabulary="GCMD">EARTH SCIENCE &gt; Atmosphere &gt; Atmospheric Radiation &gt; Outgoing Longwave Radiation</variable>
   <variable vocabulary="GCMD">EARTH SCIENCE &gt; Land Surface &gt; Land Temperature &gt; Skin Temperature</variable>
   <variable vocabulary="GCMD">EARTH SCIENCE &gt; Atmosphere &gt; Atmospheric Temperature &gt; Air Temperature</variable>
   <variable vocabulary="GCMD">EARTH SCIENCE &gt; Atmosphere &gt; Atmospheric Temperature &gt; Surface Air Temperature</variable>
   <variable vocabulary="GCMD">EARTH SCIENCE &gt; Atmosphere &gt; Atmospheric Radiation &gt; Heat Flux</variable>
   <variable vocabulary="GCMD">EARTH SCIENCE &gt; Atmosphere &gt; Atmospheric Temperature &gt; Potential Temperature</variable>
   <variable vocabulary="GCMD">EARTH SCIENCE &gt; Land Surface &gt; Soils &gt; Soil Moisture/Water Content</variable>
   <variable vocabulary="GCMD">EARTH SCIENCE &gt; Atmosphere &gt; Atmospheric Water Vapor &gt; Evaporation</variable>
   <variable vocabulary="GCMD">EARTH SCIENCE &gt; Atmosphere &gt; Atmospheric Pressure &gt; Gravity Wave</variable>
   <variable vocabulary="GCMD">EARTH SCIENCE &gt; Atmosphere &gt; Atmospheric Temperature &gt; Maximum/Minimum Temperature</variable>
   <variable vocabulary="GCMD">EARTH SCIENCE &gt; Atmosphere &gt; Atmospheric Radiation &gt; Shortwave Radiation</variable>
   <variable vocabulary="GCMD">EARTH SCIENCE &gt; Atmosphere &gt; Atmospheric Radiation &gt; Longwave Radiation</variable>
   <variable vocabulary="GCMD">EARTH SCIENCE &gt; Atmosphere &gt; Atmospheric Pressure &gt; Surface Pressure</variable>
   <variable vocabulary="GCMD">EARTH SCIENCE &gt; Atmosphere &gt; Atmospheric Pressure &gt; Hydrostatic Pressure</variable>
   <variable vocabulary="GCMD">EARTH SCIENCE &gt; Atmosphere &gt; Precipitation &gt; Precipitation Rate</variable>
   <variable vocabulary="GCMD">EARTH SCIENCE &gt; Atmosphere &gt; Atmospheric Winds &gt; Upper Level Winds</variable>
   <variable vocabulary="GCMD">EARTH SCIENCE &gt; Atmosphere &gt; Atmospheric Winds &gt; Surface Winds</variable>
   <variable vocabulary="GCMD">EARTH SCIENCE &gt; Atmosphere &gt; Atmospheric Winds &gt; Streamfunctions</variable>
   <variable vocabulary="GCMD">EARTH SCIENCE &gt; Atmosphere &gt; Atmospheric Winds &gt; Vertical Wind Motion</variable>
   <variable vocabulary="GCMD">EARTH SCIENCE &gt; Atmosphere &gt; Atmospheric Winds &gt; Convergence/Divergence</variable>
   <variable vocabulary="GCMD">EARTH SCIENCE &gt; Atmosphere &gt; Atmospheric Water Vapor &gt; Humidity</variable>
   <variable vocabulary="GCMD">EARTH SCIENCE &gt; Atmosphere &gt; Atmospheric Water Vapor &gt; Precipitable Water</variable>
   <variable vocabulary="GCMD">EARTH SCIENCE &gt; Hydrosphere &gt; Snow/Ice &gt; Snow Water Equivalent</variable>
   <variable vocabulary="GCMD">EARTH SCIENCE &gt; Atmosphere &gt; Clouds &gt; Cloud Amount/Frequency</variable>
   <variable vocabulary="GCMD">EARTH SCIENCE &gt; Atmosphere &gt; Altitude &gt; Geopotential Height</variable>
   <variable vocabulary="GCMD">EARTH SCIENCE &gt; Land Surface &gt; Land Use/Land Cover &gt; Land Cover</variable>
   <variable vocabulary="GCMD">EARTH SCIENCE &gt; Hydrosphere &gt; Surface Water &gt; Runoff</variable>
   <variable vocabulary="GCMD">EARTH SCIENCE &gt; Oceans &gt; Sea Ice &gt; Ice Extent</variable>
   <variable vocabulary="GCMD">EARTH SCIENCE &gt; Atmosphere &gt; Atmospheric Winds &gt; Wind Shear</variable>
   <variable vocabulary="GCMD">EARTH SCIENCE &gt; Atmosphere &gt; Clouds &gt; Cloud Base Pressure</variable>
   <variable vocabulary="GCMD">EARTH SCIENCE &gt; Atmosphere &gt; Clouds &gt; Cloud Top Pressure</variable>
   <variable vocabulary="GCMD">EARTH SCIENCE &gt; Biosphere &gt; Vegetation &gt; Vegetation Species</variable>
   <variable vocabulary="GCMD">EARTH SCIENCE &gt; Atmosphere &gt; Atmospheric Temperature &gt; Temperature Tendency</variable>
   <variable vocabulary="GCMD">EARTH SCIENCE &gt; Atmosphere &gt; Atmospheric Pressure &gt; Pressure Tendency</variable>
   <variable vocabulary="GCMD">EARTH SCIENCE &gt; Land Surface &gt; Topography &gt; Surface Roughness</variable>
   <variable vocabulary="GCMD">EARTH SCIENCE &gt; Land Surface &gt; Surface Radiative Properties &gt; Albedo</variable>
   <variable vocabulary="GCMD">EARTH SCIENCE &gt; Atmosphere &gt; Atmospheric Water Vapor &gt; Dew Point Temperature</variable>
   <variable vocabulary="GCMD">EARTH SCIENCE &gt; Atmosphere &gt; Atmospheric Temperature &gt; Atmospheric Stability</variable>
   <variable vocabulary="GCMD">EARTH SCIENCE &gt; Oceans &gt; Ocean Temperature &gt; Sea Surface Temperature</variable>
   <variable vocabulary="GCMD">EARTH SCIENCE &gt; Atmosphere &gt; Altitude &gt; Tropopause</variable>
   <variable vocabulary="GCMD">EARTH SCIENCE &gt; Atmosphere &gt; Atmospheric Pressure &gt; Atmospheric Pressure Measurements</variable>
   <contact>Chi-Fan Shih</contact>
   <platform vocabulary="GCMD">MODELS</platform>
   <platform vocabulary="GCMD">NCEP/NCAR-RM &gt; NCEP/NCAR Reanalysis Model</platform>
   <platform vocabulary="GCMD">REANALYSIS MODELS</platform>
   <project vocabulary="GCMD">NNRP &gt; NCEP/NCAR Reanalysis Project</project>
   <supportsProject vocabulary="GCMD">WRF &gt; WRF (Weather Research and Forecasting) Modeling</supportsProject>
   <topic vocabulary="ISO">climatologyMeteorologyAtmosphere</topic>
   <reference type="journal">
      <authorList>Kalnay, E., M. Kanamitsu, R. Kistler, W. Collins, D. Deaven, L. Gandin, M. Iredell, S. Saha, G. White, J. Woollen, Y. Zhu, M. Chelliah, W. Ebisuzaki, W. Higgins, J. Janowiak, K.C. Mo, C. Ropelewski, J. Wang, A. Leetmaa, R. Reynolds, R. Jenne, and D. Joseph</authorList>
      <year>1996</year>
      <title>The NCEP/NCAR 40-year reanalysis project</title>
      <periodical number="77" pages="437-471">Bull. Amer. Meteor. Soc.</periodical>
   </reference>
   <reference type="journal">
      <authorList>Kistler, R., E. Kalnay, W. Collins, S. Saha, G. White, J. Woollen, M. Chelliah, W. Ebisuzaki, M. Kanamitsu, V. Kousky, H. van den Dool, R. Jenne, and M. Fiorino</authorList>
      <year>2001</year>
      <title>The NCEP-NCAR 50-Year Reanalysis: Monthly Means CD-ROM and Documentation</title>
      <periodical number="82" pages="247-267">Bull. Amer. Meteor. Soc.</periodical>
   </reference>
   <relatedResource url="https://climatedataguide.ucar.edu/climate-data/ncep-ncar-r1-overview">Description of the NCEP/NCAR (R1) Reanalysis at the NCAR Climate Data Guide</relatedResource>
   <relatedResource url="http://www.cpc.ncep.noaa.gov/products/wesley/reanalysis.html">NCEP/NCAR Reanalysis Project(CDAS)</relatedResource>
   <relatedResource url="http://rda.ucar.edu/datasets/ds090.0/docs/bams/bams1996mar/bams1996mar-bm.pdf">NCEP/NCAR Reanalysis Project Information</relatedResource>
   <publicationDate>1994-11-21</publicationDate>
   <contentMetadata>
      <temporal start="1948-01-01 00:00 +0000"
                end="2015-11-01 06:00 +0000"
                groupID="Entire Dataset"/>
      <temporalFrequency type="regular" number="1" unit="month"/>
      <temporalFrequency type="regular" number="6" unit="hour"/>
      <temporalFrequency type="regular" number="4" unit="hour"/>
      <temporalFrequency type="regular" number="3" unit="hour"/>
      <temporalFrequency type="regular" number="1" unit="day"/>
      <temporalFrequency type="regular" number="0" unit="hour"/>
      <temporalFrequency type="regular" number="1" unit="hour"/>
      <temporalFrequency type="regular" number="0" unit="minute"/>
      <temporalFrequency type="regular" number="1" unit="minute"/>
      <temporalFrequency type="regular" number="0" unit="second"/>
      <temporalFrequency type="regular" number="8" unit="day"/>
      <temporalFrequency type="regular" number="1" unit="second"/>
      <temporalFrequency type="regular" number="1" unit="week"/>
      <temporalFrequency type="regular" number="2" unit="day"/>
      <dataType>grid</dataType>
      <dataType>platform_observation</dataType>
      <format href="http://dss.ucar.edu/docs/formats/grib/gribdoc/">WMO_GRIB1</format>
      <format href="http://dss.ucar.edu/docs/formats/bufr/">WMO_BUFR</format>
      <geospatialCoverage>
         <grid definition="latLon"
               numX="144"
               numY="73"
               startLon="0E"
               startLat="90N"
               endLon="357.5E"
               endLat="90S"
               xRes="2.5"
               yRes="2.5"/>
      </geospatialCoverage>
      <geospatialCoverage>
         <grid definition="gaussLatLon"
               numX="192"
               numY="94"
               startLon="0E"
               startLat="88.542N"
               endLon="358.125E"
               endLat="88.542S"
               xRes="1.875"/>
      </geospatialCoverage>
      <geospatialCoverage>
         <grid definition="latLon"
               numX="192"
               numY="94"
               startLon="0E"
               startLat="90N"
               endLon="358.125E"
               endLat="90S"
               xRes="1.875"
               yRes="1.935"/>
      </geospatialCoverage>
      <geospatialCoverage>
         <grid definition="gaussLatLon"
               numX="192"
               numY="94"
               startLon="0E"
               startLat="90N"
               endLon="358.125E"
               endLat="90S"
               xRes="1.875"/>
      </geospatialCoverage>
   </contentMetadata>
</dsOverview>
