<?xml version="1.0" encoding="UTF-8"?>
<dsOverview xmlns:xsi="http://www.w3.org/2001/XMLSchema-instance"
            xmlns="http://www.openarchives.org/OAI/2.0/"
            xsi:schemaLocation="http://rda.ucar.edu/schemas                                         http://rda.ucar.edu/schemas/dsOverview.xsd"
            ID="533.0"
            type="primary">
   <timeStamp value="2006-10-16 16:15:04 -0600"/>
   <continuingUpdate value="no"/>
   <access pricingRate="standard">none_free</access>
   <title>MARMET and other marine surface observations from Russia</title>
   <summary>
      <p>As part of international data exchanges this large
              ship observations archive has been provide to NCAR
              as a source for inclusion into COADS.</p>
   </summary>
   <creator vocabulary="GCMD"
            name="UCAR/NCAR/CISL/DSS &gt; Data Support Section,Scientific Computing Division, National Center for Atmospheric Research, University Corporation for Atmospheric Research"/>
   <contributor vocabulary="GCMD"
                name="WDC/METEOROLOGY, OBNINSK &gt; World Data Center for Meteorology, Obninsk"/>
   <variable vocabulary="GCMD">EARTH SCIENCE &gt; Atmosphere &gt; Clouds &gt; Cloud Amount/Frequency</variable>
   <variable vocabulary="GCMD">EARTH SCIENCE &gt; Atmosphere &gt; Clouds &gt; Cloud Types</variable>
   <variable vocabulary="GCMD">EARTH SCIENCE &gt; Oceans &gt; Ocean Winds &gt; Surface Winds</variable>
   <variable vocabulary="GCMD">EARTH SCIENCE &gt; Atmosphere &gt; Atmospheric Water Vapor &gt; Dew Point Temperature</variable>
   <variable vocabulary="GCMD">EARTH SCIENCE &gt; Atmosphere &gt; Atmospheric Pressure &gt; Sea Level Pressure</variable>
   <variable vocabulary="GCMD">EARTH SCIENCE &gt; Atmosphere &gt; Atmospheric Temperature &gt; Air Temperature</variable>
   <variable vocabulary="GCMD">EARTH SCIENCE &gt; Oceans &gt; Ocean Temperature &gt; Sea Surface Temperature</variable>
   <contact>Steven Worley</contact>
   <platform vocabulary="GCMD">OCEAN WEATHER STATIONS</platform>
   <platform vocabulary="GCMD">SHIPS</platform>
   <platform vocabulary="GCMD">MOVING SHIPS</platform>
   <topic vocabulary="ISO">oceans</topic>
   <publicationDate>1989-04-13</publicationDate>
   <contentMetadata>
      <temporal start="1804" end="1994"/>
      <dataType>platform_observations</dataType>
      <format>proprietary_Binary</format>
      <levels>
         <level type="Ground or water surface" value="0"/>
      </levels>
   </contentMetadata>
</dsOverview>
