<?xml version="1.0" encoding="UTF-8"?>
<dsOverview xmlns:xsi="http://www.w3.org/2001/XMLSchema-instance"
            xmlns="http://www.openarchives.org/OAI/2.0/"
            xsi:schemaLocation="http://rda.ucar.edu/schemas                                         http://rda.ucar.edu/schemas/dsOverview.xsd"
            ID="509.0"
            type="primary">
   <timeStamp value="2013-04-11 15:51:39 -0600"/>
   <continuingUpdate value="yes" frequency="monthly"/>
   <access pricingRate="standard">all_free</access>
   <title>NCDC TD3210 U.S. First Order Summary of Day, 1884(1948)-continuing</title>
   <summary>
      <p>This data set, updated annually from the National Climatic Data Center
              (NCDC), contains summary of the day first order station surface weather observations.
              The stations are operated by the National Weather Service (NWS),
              the Federal Aviation Administration (FAA),
              the U.S. Air Force (Air Weather Service),
              and the U.S. Navy (Navy Weather Detachment).
              The NWS and FAA sites are located in the contiguous U.S., Alaska, Puerto
              Rico, Hawaii and other Pacific Islands.  The Air Force and Navy operate
              stations worldwide.</p>
      <p>The observations are generally recorded midnight to midnight for the 24-hour period.
              The major data parameters are wind, maximum temperature, minimum temperature, wet-bulb temperature, dew-point temperature,
              maximum relative humidity, minimum relative humidity, precipitation, station pressure, sea level pressure, snowfall, snow depth, and present weather.</p>
      <p>The earliest data is for 1881 but most stations begin in 1948.
              There are currently about 630 first order stations reporting. Periods of record vary widely among the stations.</p>
   </summary>
   <creator vocabulary="GCMD"
            name="UCAR/NCAR/CISL/DSS &gt; Data Support Section, Computational and Information Systems Laboratory, National Center for Atmospheric Research, University Corporation for Atmospheric Research"/>
   <contributor vocabulary="GCMD"
                name="DOC/NOAA/NESDIS/NCDC &gt; National Climatic Data Center, NESDIS, NOAA, U.S. Department of Commerce"/>
   <contributor vocabulary="GCMD"
                name="DOC/NOAA/NWS &gt; National Weather Service, NOAA, U.S. Department of Commerce"/>
   <contributor vocabulary="GCMD"
                name="DOD/USAF/AFWA &gt; Air Force Weather Agency, U.S. Air Force, U.S. Department of Defense"/>
   <contributor vocabulary="GCMD"
                name="DOT/FAA &gt; Federal Aviation Agency, U.S. Department of Transportation"/>
   <variable vocabulary="GCMD">EARTH SCIENCE &gt; Atmosphere &gt; Atmospheric Water Vapor &gt; Humidity</variable>
   <variable vocabulary="GCMD">EARTH SCIENCE &gt; Atmosphere &gt; Atmospheric Radiation &gt; Sunshine</variable>
   <variable vocabulary="GCMD">EARTH SCIENCE &gt; Atmosphere &gt; Atmospheric Winds &gt; Surface Winds</variable>
   <variable vocabulary="GCMD">EARTH SCIENCE &gt; Atmosphere &gt; Clouds &gt; Cloud Amount/Frequency</variable>
   <variable vocabulary="GCMD">EARTH SCIENCE &gt; Atmosphere &gt; Precipitation &gt; Snow</variable>
   <variable vocabulary="GCMD">EARTH SCIENCE &gt; Atmosphere &gt; Atmospheric Pressure &gt; Surface Pressure</variable>
   <variable vocabulary="GCMD">EARTH SCIENCE &gt; Atmosphere &gt; Precipitation &gt; Precipitation Amount</variable>
   <variable vocabulary="GCMD">EARTH SCIENCE &gt; Atmosphere &gt; Atmospheric Temperature &gt; Air Temperature</variable>
   <contact>Bob Dattore</contact>
   <platform vocabulary="GCMD">WEATHER STATIONS</platform>
   <platform vocabulary="GCMD">GROUND STATIONS</platform>
   <platform vocabulary="GCMD">METEOROLOGICAL STATIONS</platform>
   <platform vocabulary="GCMD">FIXED OBSERVATION STATIONS</platform>
   <topic vocabulary="ISO">climatologyMeteorologyAtmosphere</topic>
   <relatedDataset ID="510.0"/>
   <relatedDataset ID="560.0"/>
   <publicationDate>1987-10-14</publicationDate>
   <contentMetadata>
      <temporal start="1881-07-01" end="2009-05-31" groupID="Entire Dataset"/>
      <temporalFrequency type="regular" number="1" unit="day"/>
      <temporalFrequency type="regular" number="4" unit="day"/>
      <temporalFrequency type="regular" number="3" unit="day"/>
      <dataType>grid</dataType>
      <dataType>platform_observation</dataType>
      <format>NCDC_TD3210</format>
   </contentMetadata>
</dsOverview>
