<?xml version="1.0" encoding="UTF-8"?>
<dsOverview xmlns:xsi="http://www.w3.org/2001/XMLSchema-instance"
            xmlns="http://www.openarchives.org/OAI/2.0/"
            xsi:schemaLocation="http://rda.ucar.edu/schemas                                         http://rda.ucar.edu/schemas/dsOverview.xsd"
            ID="020.1"
            type="primary">
   <timeStamp value="2013-02-21 22:02:04 -0700"/>
   <continuingUpdate value="no"/>
   <access pricingRate="standard">all_free</access>
   <title>U.K. Northern Hemisphere Sea-Level Pressure and 500mb Height Grids for 1944Dec to 1946Dec</title>
   <summary>
      <p>This dataset contains gridded Northern Hemisphere sea-level
              pressure and 500mb geopotential height data from the United
              Kingdom.</p>
      <p>The DSS has converted the original daily 10-degree by
              5-degree sea-level pressure grids to a 5-degree by 5-degree
              grid, interpolating data to non-original gridpoints and
              computing monthly grids.  The period covered is December 1944 to
              December 1946.</p>
      <p>The daily 500mb geopotential height grids cover the period
              from January 1945 to December 1946 on a 10-degree by 5-degree
              grid.</p>
   </summary>
   <creator vocabulary="GCMD"
            name="UCAR/NCAR/CISL/DSS &gt; Data Support Section, Computational and Information Systems Laboratory, National Center for Atmospheric Research, University Corporation for Atmospheric Research"/>
   <contributor vocabulary="GCMD"
                name="GB/MOD/MET &gt; Met Office, Ministry of Defence, United Kingdom"/>
   <contributor vocabulary="GCMD"
                name="UCAR/NCAR/CISL/DSS &gt; Data Support Section, Computational and Information Systems Laboratory, National Center for Atmospheric Research, University Corporation for Atmospheric Research"
                formerName="UCAR/NCAR/CISL/DSS &gt; Data Support Section, Scientific Computing Division, National Center for Atmospheric Research, University Corporation for Atmospheric Research"/>
   <variable vocabulary="GCMD">EARTH SCIENCE &gt; Atmosphere &gt; Atmospheric Pressure &gt; Sea Level Pressure</variable>
   <variable vocabulary="GCMD">EARTH SCIENCE &gt; Atmosphere &gt; Altitude &gt; Geopotential Height</variable>
   <contact>Bob Dattore</contact>
   <platform vocabulary="GCMD">MAPS</platform>
   <topic vocabulary="ISO">climatologyMeteorologyAtmosphere</topic>
   <publicationDate>1980-01-10</publicationDate>
   <contentMetadata>
      <temporal start="1944-12" end="1946-12" groupID="Entire Dataset"/>
      <dataType>grid</dataType>
      <format>proprietary_Binary</format>
      <levels>
         <level type="Mean sea level" value="0" units=""/>
         <level type="Isobaric level" value="500" units="mbar"/>
      </levels>
      <geospatialCoverage>
         <grid definition="latLon"
               numX="72"
               numY="15"
               startLon="0E"
               startLat="90N"
               endLon="355E"
               endLat="20N"
               xRes="5"
               yRes="5"/>
      </geospatialCoverage>
   </contentMetadata>
</dsOverview>
