<?xml version="1.0" encoding="UTF-8"?>
<dsOverview xmlns:xsi="http://www.w3.org/2001/XMLSchema-instance"
            xmlns="http://www.openarchives.org/OAI/2.0/"
            xsi:schemaLocation="http://rda.ucar.edu/schemas                                         http://rda.ucar.edu/schemas/dsOverview.xsd"
            ID="278.0"
            type="primary">
   <timeStamp value="2009-12-02 10:14:00 -0700"/>
   <continuingUpdate value="no"/>
   <access>all_free</access>
   <title>Global temperature and salinity climatology, by Bauer and Robinson.</title>
   <summary>
      <p>Historical data archives from NUC and NODC were combined to form monthly
              and annual grid of subsurface ocean temperature and
              salinity.</p>
   </summary>
   <creator vocabulary="GCMD"
            name="UCAR/NCAR/CISL/DSS &gt; Data Support Section, Computational and Information Systems Laboratory, National Center for Atmospheric Research, University Corporation for Atmospheric Research"/>
   <contributor vocabulary="GCMD"
                name="CSISD &gt; Compass Systems, Inc., San Diego, CA"
                contact="Roger Bauer"/>
   <contributor vocabulary="GCMD"
                name="SCRIPPS &gt; Scripps Institution of Oceanography"
                contact="Margaret Robinson"/>
   <variable vocabulary="GCMD">EARTH SCIENCE &gt; Oceans &gt; Ocean Temperature &gt; Sea Surface Temperature</variable>
   <variable vocabulary="GCMD">EARTH SCIENCE &gt; Oceans &gt; Ocean Temperature &gt; Water Temperature</variable>
   <variable vocabulary="GCMD">EARTH SCIENCE &gt; Oceans &gt; Salinity/Density &gt; Salinity</variable>
   <contact>Zaihua Ji</contact>
   <contact>Steven Worley</contact>
   <platform vocabulary="GCMD">GRIDDING METHODS</platform>
   <topic vocabulary="ISO">oceans</topic>
   <reference type="technical_report">
      <authorList>Bauer, R. and M. Robinson</authorList>
      <year>1985</year>
      <title>Description of the Bauer-Robinson Numerical Atlas</title>
      <organization reportID="" pages="13">Compass Systems, Inc., 4640 Jewell St., #204, San Diego, CA 92109</organization>
   </reference>
   <publicationDate>1982-07-20</publicationDate>
   <contentMetadata>
      <temporal start="1969" end="1981" groupID="Entire Dataset"/>
      <dataType>grid</dataType>
      <format>proprietary_ASCII</format>
      <levels>
         <level type="Mean sea level" value="0" units=""/>
         <level type="Ground or water surface" value="0" units=""/>
         <level type="Specified height below ground or water surface"
                value="100"
                units="feet"/>
         <level type="Specified height below ground or water surface"
                value="50"
                units="m"/>
         <level type="Specified height below ground or water surface"
                value="200"
                units="feet"/>
         <level type="Specified height below ground or water surface"
                value="75"
                units="m"/>
         <level type="Specified height below ground or water surface"
                value="300"
                units="feet"/>
         <level type="Specified height below ground or water surface"
                value="100"
                units="m"/>
         <level type="Specified height below ground or water surface"
                value="400"
                units="feet"/>
         <level type="Specified height below ground or water surface"
                value="125"
                units="m"/>
         <level type="Specified height below ground or water surface"
                value="150"
                units="m"/>
         <level type="Specified height below ground or water surface"
                value="500"
                units="feet"/>
         <level type="Specified height below ground or water surface"
                value="200"
                units="m"/>
         <level type="Specified height below ground or water surface"
                value="600"
                units="feet"/>
         <level type="Specified height below ground or water surface"
                value="800"
                units="feet"/>
         <level type="Specified height below ground or water surface"
                value="250"
                units="m"/>
         <level type="Specified height below ground or water surface"
                value="300"
                units="m"/>
         <level type="Specified height below ground or water surface"
                value="1000"
                units="feet"/>
         <level type="Specified height below ground or water surface"
                value="1200"
                units="feet"/>
         <level type="Specified height below ground or water surface"
                value="400"
                units="m"/>
         <level type="Specified height below ground or water surface"
                value="500"
                units="m"/>
         <level type="Specified height below ground or water surface"
                value="600"
                units="m"/>
         <level type="Specified height below ground or water surface"
                value="700"
                units="m"/>
         <level type="Specified height below ground or water surface"
                value="800"
                units="m"/>
         <level type="Specified height below ground or water surface"
                value="900"
                units="m"/>
         <level type="Specified height below ground or water surface"
                value="1000"
                units="m"/>
         <level type="Specified height below ground or water surface"
                value="1100"
                units="m"/>
         <level type="Specified height below ground or water surface"
                value="1200"
                units="m"/>
         <level type="Specified height below ground or water surface"
                value="1200"
                units="m"/>
         <level type="Specified height below ground or water surface"
                value="1300"
                units="m"/>
         <level type="Specified height below ground or water surface"
                value="1400"
                units="m"/>
         <level type="Specified height below ground or water surface"
                value="1500"
                units="m"/>
         <level type="Specified height below ground or water surface"
                value="1750"
                units="m"/>
         <level type="Specified height below ground or water surface"
                value="2000"
                units="m"/>
         <level type="Specified height below ground or water surface"
                value="2500"
                units="m"/>
         <level type="Specified height below ground or water surface"
                value="3000"
                units="m"/>
         <level type="Specified height below ground or water surface"
                value="4000"
                units="m"/>
         <level type="Specified height below ground or water surface"
                value="5000"
                units="m"/>
         <level type="Specified height below ground or water surface"
                value="6000"
                units="m"/>
         <level type="Specified height below ground or water surface"
                value="7000"
                units="m"/>
      </levels>
   </contentMetadata>
</dsOverview>
