<?xml version="1.0" encoding="UTF-8"?>
<dsOverview xmlns:xsi="http://www.w3.org/2001/XMLSchema-instance"
            xmlns="http://www.openarchives.org/OAI/2.0/"
            xsi:schemaLocation="http://rda.ucar.edu/schemas                                         http://rda.ucar.edu/schemas/dsOverview.xsd"
            ID="367.0"
            type="primary">
   <timeStamp value="2015-02-10 20:29:59 -0700"/>
   <doi>10.5065/D6BK19BG</doi>
   <continuingUpdate value="no"/>
   <title>ERA-40 Global Upper Air Satellite Wind Observation Feedback Record Reports</title>
   <summary>
      <p>
              ERA-40 Global Upper Air Satellite Wind Observation Feedback Record Reports include upper air satellite wind observation (SATWND)
              feedback record reports from SATWNDs used in the ECMWF 45-year reanalysis (ERA-40)
              covering the period from September 1957 to August 2002.  SATWNDs, from multiple data
              sources, were assimilated into an ECMWF model and produced ERA-40.  Select variables include zonal and meridional wind speed components at the observed pressure level.  The metadata generated
              during the ERA-40 quality control data assimilation process were appended to the input observations.
              The final combination of input observations and feedback metadata are called feedback record reports.
              </p>
   </summary>
   <creator vocabulary="GCMD"
            name="UCAR/NCAR/CISL/DSS &gt; Data Support Section, Computational and Information Systems Laboratory, National Center for Atmospheric Research, University Corporation for Atmospheric Research"/>
   <contributor vocabulary="GCMD"
                name="ECMWF &gt; European Centre for Medium-Range Weather Forecasts"
                citable="yes"/>
   <restrictions>
      <access>
         <p>We are allowed to distribute this data to US scientists, scientists visiting US organizations, and Canadian scientists affiliated with UCAR member organizations only.</p>
      </access>
      <usage>
         <p>These data may not be used for commercial purposes.  ECMWF must be given credit in any publication in which these data are used.</p>
      </usage>
   </restrictions>
   <variable vocabulary="GCMD">EARTH SCIENCE &gt; Atmosphere &gt; Atmospheric Winds &gt; Upper Level Winds</variable>
   <variable vocabulary="GCMD">EARTH SCIENCE &gt; Atmosphere &gt; Atmospheric Pressure &gt; Atmospheric Pressure Measurements</variable>
   <contact>Doug Schuster</contact>
   <platform vocabulary="GCMD">SATELLITES</platform>
   <topic vocabulary="ISO">climatologyMeteorologyAtmosphere</topic>
   <referenceURL url="http://www.ecmwf.int/publications/library/do/references/list/192">ERA40 Report Series</referenceURL>
   <relatedResource url="http://www.ecmwf.int/en/research/climate-reanalysis">ECMWF's Climate Reanalysis web page</relatedResource>
   <relatedDataset ID="366.0"/>
   <relatedDataset ID="476.0"/>
   <publicationDate>2005-11-09</publicationDate>
   <contentMetadata>
      <temporal start="1978-12-01" end="2002-08-31" groupID="Entire Dataset"/>
      <temporalFrequency type="regular" number="3" unit="hour"/>
      <dataType>satellite</dataType>
      <format>proprietary_ASCII</format>
      <levels>
         <level type="Tropopause level" value="0"/>
         <level type="Isobaric level" value="500" units="mbar"/>
      </levels>
   </contentMetadata>
</dsOverview>
