<?xml version="1.0" encoding="UTF-8"?>
<dsOverview xmlns:xsi="http://www.w3.org/2001/XMLSchema-instance"
            xmlns="http://www.openarchives.org/OAI/2.0/"
            xsi:schemaLocation="http://rda.ucar.edu/schemas                                         http://rda.ucar.edu/schemas/dsOverview.xsd"
            ID="359.5"
            type="primary">
   <timeStamp value="2015-02-05 19:39:06 -0700"/>
   <continuingUpdate value="yes" frequency="yearly"/>
   <title>Tropical Pacific Wind Profiler Soundings, continuing from August 1985</title>
   <summary>
      <p>This dataset contains vertical wind profiles for several
              tropical Pacific islands and TOGA COARE ships.  All data were
              provided by NOAA's <a href="http://www.esrl.noaa.gov/csd/origins/aeronomy/">Aeronomy
              Lab</a>, which operates several of the wind profiling radars.
              Other contributors include the Australian Bureau of Meteorology,
              which owns the Darwin radar, and TOGA COARE which provided data
              from ships and some land stations.</p>
      <p>Data are available from as early as August 1985, and the
              Galapagos radar is still currently in operation.  Please consult
              the <a href="http://rda.ucar.edu/datasets/ds359.5/inventories/">inventory</a> for
              full period-of-record information for each individual
              station.</p>
   </summary>
   <creator vocabulary="GCMD"
            name="UCAR/NCAR/CISL/DSS &gt; Data Support Section, Computational and Information Systems Laboratory, National Center for Atmospheric Research, University Corporation for Atmospheric Research"/>
   <contributor vocabulary="GCMD"
                name="DOC/NOAA/OAR/AL &gt; Aeronomy Laboratory, OAR, NOAA, U.S. Department of Commerce"
                contact="Dr. Kenneth Gage"
                citable="yes"/>
   <variable vocabulary="GCMD">EARTH SCIENCE &gt; Atmosphere &gt; Atmospheric Winds &gt; Upper Level Winds</variable>
   <variable vocabulary="GCMD">EARTH SCIENCE &gt; Atmosphere &gt; Atmospheric Winds &gt; Vertical Wind Motion</variable>
   <contact>Bob Dattore</contact>
   <platform vocabulary="GCMD">MOVING SHIPS</platform>
   <platform vocabulary="GCMD">WEATHER STATIONS</platform>
   <topic vocabulary="ISO">climatologyMeteorologyAtmosphere</topic>
   <relatedResource url="http://www.esrl.noaa.gov/psd/psd3/boundary/MstToga/data_access.html">Profiler Data at NOAA</relatedResource>
   <publicationDate>1999-03-19</publicationDate>
   <contentMetadata>
      <temporal start="1985-08-18" end="2005-06-13" groupID="Entire Dataset"/>
      <dataType>platform_observation</dataType>
      <format>proprietary_ASCII</format>
   </contentMetadata>
</dsOverview>
