<?xml version="1.0" encoding="UTF-8"?>
<dsOverview xmlns:xsi="http://www.w3.org/2001/XMLSchema-instance"
            xmlns="http://www.openarchives.org/OAI/2.0/"
            xsi:schemaLocation="http://rda.ucar.edu/schemas                                         http://rda.ucar.edu/schemas/dsOverview.xsd"
            ID="392.0"
            type="primary">
   <timeStamp value="2006-10-20 07:18:48 -0600"/>
   <continuingUpdate value="no"/>
   <access pricingRate="standard">none_free</access>
   <title>Shea's Stratospheric Zonal Wind and Temperature Profiles, monthly 1953-1988</title>
   <summary>
      <p>This dataset contains monthly profiles of temperature and
              zonal winds at stratospheric levels between 70mb and 10mb for
              the period from January 1953 to December 1988.</p>
   </summary>
   <creator vocabulary="GCMD"
            name="UCAR/NCAR/CISL/DSS &gt; Data Support Section,Scientific Computing Division, National Center for Atmospheric Research, University Corporation for Atmospheric Research"/>
   <contributor vocabulary="GCMD"
                name="UCAR/NCAR/CGD/CAS &gt; Climate Analysis Section, Climate and Global Dynamics Division, National Center for Atmospheric Research, University Corporation for Atmospheric Research"
                contact="Dennis Shea"/>
   <contributor vocabulary="GCMD"
                name="FU-BERLIN/METEO/SRG &gt; Stratospheric Research Group, Meteorological Institute, Freie Universitat Berlin"/>
   <variable vocabulary="GCMD">EARTH SCIENCE &gt; Atmosphere &gt; Atmospheric Winds &gt; Upper Level Winds</variable>
   <variable vocabulary="GCMD">EARTH SCIENCE &gt; Atmosphere &gt; Atmospheric Temperature &gt; Air Temperature</variable>
   <contact>Will Spangler</contact>
   <platform vocabulary="GCMD">FIXED OBSERVATION STATIONS</platform>
   <platform vocabulary="GCMD">GROUND STATIONS</platform>
   <platform vocabulary="GCMD">METEOROLOGICAL STATIONS</platform>
   <platform vocabulary="GCMD">WEATHER STATIONS</platform>
   <platform vocabulary="GCMD">OCEAN WEATHER STATIONS</platform>
   <platform vocabulary="GCMD">FIXED SHIPS</platform>
   <platform vocabulary="GCMD">MOVING SHIPS</platform>
   <platform vocabulary="GCMD">RAWINSONDES</platform>
   <topic vocabulary="ISO">climatologyMeteorologyAtmosphere</topic>
   <publicationDate>1989-07-18</publicationDate>
   <contentMetadata>
      <temporal start="1953-01" end="1988-12"/>
      <dataType>platform_observations</dataType>
      <format>proprietary_ASCII</format>
      <levels>
         <level type="Isobaric level" value="70" units="mbar"/>
         <level type="Isobaric level" value="50" units="mbar"/>
         <level type="Isobaric level" value="40" units="mbar"/>
         <level type="Isobaric level" value="30" units="mbar"/>
         <level type="Isobaric level" value="20" units="mbar"/>
         <level type="Isobaric level" value="15" units="mbar"/>
         <level type="Isobaric level" value="10" units="mbar"/>
      </levels>
   </contentMetadata>
</dsOverview>
