<?xml version="1.0" encoding="UTF-8"?>
<dsOverview xmlns:xsi="http://www.w3.org/2001/XMLSchema-instance"
            xmlns="http://www.openarchives.org/OAI/2.0/"
            xsi:schemaLocation="http://rda.ucar.edu/schemas                                         http://rda.ucar.edu/schemas/dsOverview.xsd"
            ID="464.0"
            type="primary">
   <timeStamp value="2015-02-10 21:25:15 -0700"/>
   <continuingUpdate value="no"/>
   <title>NCEP ADP Operational Global Surface Observations, February 1975 - February 2007</title>
   <summary>
      <p>These NCEP ADP operational global synoptic surface data reports were collected from the GTS during time slots centered on the 6-hourly analysis times of their global and regional models.  Two types of data were collected and the reports usually include pressure, temperature, dew point depression, wind direction and speed.  NCEP also decoded the precipitation data, but only for the U.S. and Canada.</p>
      <p>The two types are: 1) data from land stations, including SYNOP, METAR, and beginning in the mid 1990s, AWOS and ASOS reports, and 2) data from moving ship, fixed ship, MARS (moving and fixed), and buoys (moored and drifting).</p>
   </summary>
   <creator vocabulary="GCMD"
            name="UCAR/NCAR/CISL/DSS &gt; Data Support Section, Computational and Information Systems Laboratory, National Center for Atmospheric Research, University Corporation for Atmospheric Research"/>
   <contributor vocabulary="GCMD"
                name="DOC/NOAA/NWS/NCEP &gt; National Centers for Environmental Prediction, National Weather Service, NOAA, U.S. Department of Commerce"
                formerName="National Meteorological Center (NMC)"
                citable="yes"/>
   <variable vocabulary="GCMD">EARTH SCIENCE &gt; Atmosphere &gt; Atmospheric Pressure &gt; Surface Pressure</variable>
   <variable vocabulary="GCMD">EARTH SCIENCE &gt; Atmosphere &gt; Clouds &gt; Cloud Base</variable>
   <variable vocabulary="GCMD">EARTH SCIENCE &gt; Atmosphere &gt; Atmospheric Water Vapor &gt; Dew Point Temperature</variable>
   <variable vocabulary="GCMD">EARTH SCIENCE &gt; Oceans &gt; Ocean Waves &gt; Swells</variable>
   <variable vocabulary="GCMD">EARTH SCIENCE &gt; Atmosphere &gt; Altitude &gt; Station Height</variable>
   <variable vocabulary="GCMD">EARTH SCIENCE &gt; Atmosphere &gt; Atmospheric Pressure &gt; Sea Level Pressure</variable>
   <variable vocabulary="GCMD">EARTH SCIENCE &gt; Oceans &gt; Ocean Waves &gt; Wave Height</variable>
   <variable vocabulary="GCMD">EARTH SCIENCE &gt; Oceans &gt; Ocean Waves &gt; Wave Period</variable>
   <variable vocabulary="GCMD">EARTH SCIENCE &gt; Oceans &gt; Ocean Temperature &gt; Sea Surface Temperature</variable>
   <variable vocabulary="GCMD">EARTH SCIENCE &gt; Atmosphere &gt; Precipitation &gt; Snow</variable>
   <variable vocabulary="GCMD">EARTH SCIENCE &gt; Atmosphere &gt; Precipitation &gt; Precipitation Amount</variable>
   <variable vocabulary="GCMD">EARTH SCIENCE &gt; Atmosphere &gt; Clouds &gt; Cloud Types</variable>
   <variable vocabulary="GCMD">EARTH SCIENCE &gt; Atmosphere &gt; Air Quality &gt; Visibility</variable>
   <variable vocabulary="GCMD">EARTH SCIENCE &gt; Atmosphere &gt; Atmospheric Temperature &gt; Air Temperature</variable>
   <variable vocabulary="GCMD">EARTH SCIENCE &gt; Atmosphere &gt; Clouds &gt; Cloud Amount/Frequency</variable>
   <variable vocabulary="GCMD">EARTH SCIENCE &gt; Atmosphere &gt; Atmospheric Winds &gt; Surface Winds</variable>
   <contact>Grace Peng</contact>
   <platform vocabulary="GCMD">COASTAL STATIONS</platform>
   <platform vocabulary="GCMD">SHIPS</platform>
   <platform vocabulary="GCMD">FIXED SHIPS</platform>
   <platform vocabulary="GCMD">METEOROLOGICAL STATIONS</platform>
   <platform vocabulary="GCMD">MOVING SHIPS</platform>
   <platform vocabulary="GCMD">BUOYS</platform>
   <platform vocabulary="GCMD">GROUND STATIONS</platform>
   <platform vocabulary="GCMD">FIXED OBSERVATION STATIONS</platform>
   <platform vocabulary="GCMD">OCEAN WEATHER STATIONS</platform>
   <platform vocabulary="GCMD">BOGUS</platform>
   <platform vocabulary="GCMD">WEATHER STATIONS</platform>
   <project vocabulary="GCMD">GTS &gt; Global Telecommunications System</project>
   <supportsProject vocabulary="GCMD">WRF &gt; WRF (Weather Research and Forecasting) Modeling</supportsProject>
   <topic vocabulary="ISO">climatologyMeteorologyAtmosphere</topic>
   <relatedResource url="http://www.wmo.int/pages/prog/www/TEM/index_en.html">WMO Global Telecommunication System</relatedResource>
   <relatedDataset ID="461.0"/>
   <relatedDataset ID="463.2"/>
   <relatedDataset ID="467.0"/>
   <relatedDataset ID="472.0"/>
   <relatedDataset ID="292.2"/>
   <relatedDataset ID="353.4"/>
   <relatedDataset ID="570.0"/>
   <relatedDataset ID="336.0"/>
   <relatedDataset ID="900.0"/>
   <publicationDate>1980-03-21</publicationDate>
   <contentMetadata>
      <temporal start="1975-02-10" end="2007-02-28" groupID="Entire Dataset"/>
      <temporalFrequency type="regular" number="1" unit="day"/>
      <temporalFrequency type="regular" number="2" unit="hour"/>
      <temporalFrequency type="regular" number="1" unit="hour"/>
      <temporalFrequency type="regular" number="2" unit="minute"/>
      <temporalFrequency type="regular" number="1" unit="minute"/>
      <temporalFrequency type="regular" number="1" unit="month"/>
      <temporalFrequency type="regular" number="8" unit="day"/>
      <temporalFrequency type="regular" number="1" unit="week"/>
      <temporalFrequency type="regular" number="2" unit="day"/>
      <dataType>grid</dataType>
      <dataType>platform_observation</dataType>
      <format href="http://dss.ucar.edu/datasets/common/nmc.adp/format_on124_01mar">NCEP_ON124</format>
   </contentMetadata>
</dsOverview>
