<?xml version="1.0" encoding="UTF-8"?>
<dsOverview xmlns:xsi="http://www.w3.org/2001/XMLSchema-instance"
            xmlns="http://www.openarchives.org/OAI/2.0/"
            xsi:schemaLocation="http://rda.ucar.edu/schemas                                         http://rda.ucar.edu/schemas/dsOverview.xsd"
            ID="505.1"
            type="primary">
   <timeStamp value="2008-10-23 09:08:52 -0600"/>
   <continuingUpdate value="yes" frequency="monthly"/>
   <access pricingRate="standard">all_free</access>
   <title>NCDC TD3260 U.S. Cooperative 15 Minute Precipitation Data from 1971</title>
   <summary>
      <p>The 15-minute precipitation observations contained in this set are obtained as months become available from the National Climatic Data Center (NCDC).
              The sites are located in the contiguous U.S., Alaska,
              Puerto Rico, Virgin Islands, Hawaii and other Pacific Islands.</p>
      <p>The digital file began in May 1971, but there is a very small amount of data in 1970.
              There are currently about 2300 stations reporting. Periods of record vary widely among the stations.</p>
   </summary>
   <creator vocabulary="GCMD"
            name="UCAR/NCAR/CISL/DSS &gt; Data Support Section, Computational and Information Systems Laboratory, National Center for Atmospheric Research, University Corporation for Atmospheric Research"/>
   <contributor vocabulary="GCMD"
                name="DOC/NOAA/NESDIS/NCDC &gt; National Climatic Data Center, NESDIS, NOAA, U.S. Department of Commerce"/>
   <variable vocabulary="GCMD">EARTH SCIENCE &gt; Atmosphere &gt; Precipitation &gt; Precipitation Amount</variable>
   <contact>Bob Dattore</contact>
   <platform vocabulary="GCMD">FIXED OBSERVATION STATIONS</platform>
   <platform vocabulary="GCMD">GROUND STATIONS</platform>
   <platform vocabulary="GCMD">METEOROLOGICAL STATIONS</platform>
   <platform vocabulary="GCMD">WEATHER STATIONS</platform>
   <topic vocabulary="ISO">climatologyMeteorologyAtmosphere</topic>
   <publicationDate>2006-04-06</publicationDate>
   <contentMetadata>
      <temporal start="1970-05-12" end="2009-06-01" groupID="Entire Dataset"/>
      <temporalFrequency type="regular" number="1" unit="day"/>
      <temporalFrequency type="regular" number="2" unit="hour"/>
      <temporalFrequency type="regular" number="1" unit="month"/>
      <temporalFrequency type="regular" number="8" unit="day"/>
      <temporalFrequency type="regular" number="1" unit="week"/>
      <temporalFrequency type="regular" number="2" unit="day"/>
      <dataType>grid</dataType>
      <dataType>platform_observation</dataType>
      <format>NCDC_TD3260</format>
   </contentMetadata>
</dsOverview>
