<?xml version="1.0" encoding="UTF-8"?>
<dsOverview xmlns:xsi="http://www.w3.org/2001/XMLSchema-instance"
            xmlns="http://www.openarchives.org/OAI/2.0/"
            xsi:schemaLocation="http://rda.ucar.edu/schemas                                         http://rda.ucar.edu/schemas/dsOverview.xsd"
            ID="505.0"
            type="primary">
   <timeStamp value="2009-10-03 11:57:48 -0600"/>
   <continuingUpdate value="yes" frequency="monthly"/>
   <access pricingRate="standard">all_free</access>
   <title>NCDC TD3240 U.S. Cooperative Hourly Precipitation, continuing from 1948</title>
   <summary>
      <p>The hourly precipitation observations contained in this set are obtained as months become available from the National Climatic Data Center (NCDC).  The reports are taken by observers at principle (primary) stations, secondary stations, and cooperative observer stations operated by the National Weather Service (NWS) and the Federal Aviation Agency (FAA).  The sites are located in the contiguous U.S., Alaska, Puerto Rico, Virgin Islands, Hawaii and other Pacific Islands.</p>
      <p>While most stations begin observations in 1948, some have observations as far back as 1900.  There are currently more than 2500 stations reporting. Periods of record vary widely among the stations.</p>
   </summary>
   <creator vocabulary="GCMD"
            name="UCAR/NCAR/CISL/DSS &gt; Data Support Section, Computational and Information Systems Laboratory, National Center for Atmospheric Research, University Corporation for Atmospheric Research"/>
   <contributor vocabulary="GCMD"
                name="DOC/NOAA/NESDIS/NCDC &gt; National Climatic Data Center, NESDIS, NOAA, U.S. Department of Commerce"/>
   <contributor vocabulary="GCMD"
                name="DOC/NOAA/NWS &gt; National Weather Service, NOAA, U.S. Department of Commerce"/>
   <variable vocabulary="GCMD">EARTH SCIENCE &gt; Atmosphere &gt; Precipitation &gt; Precipitation Amount</variable>
   <contact>Bob Dattore</contact>
   <platform vocabulary="GCMD">WEATHER STATIONS</platform>
   <platform vocabulary="GCMD">METEOROLOGICAL STATIONS</platform>
   <platform vocabulary="GCMD">GROUND STATIONS</platform>
   <platform vocabulary="GCMD">FIXED OBSERVATION STATIONS</platform>
   <topic vocabulary="ISO">climatologyMeteorologyAtmosphere</topic>
   <publicationDate>1980-02-14</publicationDate>
   <contentMetadata>
      <temporal start="1900-01-01" end="2011-09-01" groupID="Entire Dataset"/>
      <temporalFrequency type="regular" number="1" unit="day"/>
      <temporalFrequency type="regular" number="4" unit="day"/>
      <temporalFrequency type="regular" number="3" unit="day"/>
      <dataType>grid</dataType>
      <dataType>platform_observation</dataType>
      <format>NCDC_TD3240</format>
   </contentMetadata>
</dsOverview>
