<?xml version="1.0" encoding="UTF-8"?>
<dsOverview xmlns:xsi="http://www.w3.org/2001/XMLSchema-instance"
            xmlns="http://www.openarchives.org/OAI/2.0/"
            xsi:schemaLocation="http://rda.ucar.edu/schemas                                         http://rda.ucar.edu/schemas/dsOverview.xsd"
            ID="115.2"
            type="historical">
   <timeStamp value="2015-11-30 12:29:29 -0700"/>
   <continuingUpdate value="no"/>
   <title>ERA-15 Supplementary Flux Accumulation Fields</title>
   <summary>
      <p>Supplementary flux accumulation fields from the
              ECMWF 15 year Reanalysis Project (ERA-15) forecast data.</p>
   </summary>
   <creator vocabulary="GCMD"
            name="UCAR/NCAR/CISL/DSS &gt; Data Support Section, Computational and Information Systems Laboratory, National Center for Atmospheric Research, University Corporation for Atmospheric Research"/>
   <contributor vocabulary="GCMD"
                name="ECMWF &gt; European Centre for Medium-Range Weather Forecasts"
                citable="yes"/>
   <restrictions>
      <access>
         <p>Must be a registered RDA user and have agreed to the Terms of Use for ECMWF Data (Other Than Operational Data). Register or sign in on the web page. Once signed in manage your agreements from the dashboard under User Profile.</p>
      </access>
   </restrictions>
   <variable vocabulary="GCMD">EARTH SCIENCE &gt; Atmosphere &gt; Atmospheric Pressure &gt; Gravity Wave</variable>
   <variable vocabulary="GCMD">EARTH SCIENCE &gt; Atmosphere &gt; Atmospheric Water Vapor &gt; Evaporation</variable>
   <variable vocabulary="GCMD">EARTH SCIENCE &gt; Oceans &gt; Ocean Winds &gt; Wind Stress</variable>
   <variable vocabulary="GCMD">EARTH SCIENCE &gt; Atmosphere &gt; Atmospheric Winds &gt; Wind Stress</variable>
   <variable vocabulary="GCMD">EARTH SCIENCE &gt; Spectral/Engineering &gt; Infrared Wavelengths &gt; Thermal Infrared</variable>
   <variable vocabulary="GCMD">EARTH SCIENCE &gt; Atmosphere &gt; Atmospheric Radiation &gt; Shortwave Radiation</variable>
   <variable vocabulary="GCMD">EARTH SCIENCE &gt; Hydrosphere &gt; Snow/Ice &gt; Snow Water Equivalent</variable>
   <variable vocabulary="GCMD">EARTH SCIENCE &gt; Atmosphere &gt; Atmospheric Radiation &gt; Heat Flux</variable>
   <variable vocabulary="GCMD">EARTH SCIENCE &gt; Atmosphere &gt; Precipitation &gt; Precipitation Amount</variable>
   <contact>Chi-Fan Shih</contact>
   <platform vocabulary="GCMD">ERA15DAS &gt; ERA15 Data Assimilation System</platform>
   <platform vocabulary="GCMD">MODELS</platform>
   <topic vocabulary="ISO">climatologyMeteorologyAtmosphere</topic>
   <relatedResource url="http://www.ecmwf.int/en/research/climate-reanalysis">ECMWF's Climate Reanalysis page</relatedResource>
   <relatedDataset ID="117.0"/>
   <relatedDataset ID="118.0"/>
   <relatedDataset ID="627.0"/>
   <publicationDate>1997-02-12</publicationDate>
   <contentMetadata>
      <temporal start="1979-01-01 18:00 +0000"
                end="1994-01-01 12:00 +0000"
                groupID="Entire Dataset"/>
      <temporalFrequency type="regular" number="1" unit="day"/>
      <dataType>grid</dataType>
      <dataType>platform_observation</dataType>
      <format href="http://dss.ucar.edu/docs/formats/grib/gribdoc/">WMO_GRIB1</format>
      <geospatialCoverage>
         <grid definition="latLon"
               numX="144"
               numY="73"
               startLon="0E"
               startLat="90N"
               endLon="357.5E"
               endLat="90S"
               xRes="2.5"
               yRes="2.5"/>
      </geospatialCoverage>
   </contentMetadata>
</dsOverview>
