<?xml version="1.0" encoding="UTF-8"?>
<dsOverview xmlns:xsi="http://www.w3.org/2001/XMLSchema-instance"
            xmlns="http://www.openarchives.org/OAI/2.0/"
            xsi:schemaLocation="http://rda.ucar.edu/schemas                                         http://rda.ucar.edu/schemas/dsOverview.xsd"
            ID="209.3"
            type="primary">
   <timeStamp value="2007-01-05 13:09:26 -0700"/>
   <continuingUpdate value="no"/>
   <access pricingRate="standard">all_free</access>
   <title>Monthly Tropical Atlantic and Eastern Pacific Heat Budget, climatology, by Hastenrath</title>
   <summary>
      <p>Heat Budget climatology components for the Topical Eastern
              Pacific and Atlantic Oceans.</p>
   </summary>
   <creator vocabulary="GCMD"
            name="UCAR/NCAR/CISL/DSS &gt; Data Support Section,Scientific Computing Division, National Center for Atmospheric Research, University Corporation for Atmospheric Research"/>
   <contributor vocabulary="GCMD"
                name="UWI-MAD/AOS &gt; Department of Atmospheric and Oceanic Sciences, University of Wisconsin, Madison"
                contact="Stefan Hastenrath"/>
   <variable vocabulary="GCMD">EARTH SCIENCE &gt; Atmosphere &gt; Atmospheric Radiation &gt; Shortwave Radiation</variable>
   <variable vocabulary="GCMD">EARTH SCIENCE &gt; Oceans &gt; Ocean Heat Budget &gt; Heat Flux</variable>
   <variable vocabulary="GCMD">EARTH SCIENCE &gt; Atmosphere &gt; Atmospheric Radiation &gt; Longwave Radiation</variable>
   <contact>Steven Worley</contact>
   <platform vocabulary="GCMD">GRIDDING METHODS</platform>
   <topic vocabulary="ISO">oceans</topic>
   <reference type="technical_report">
      <authorList>Hastenrath, S., and P.J. Lamb</authorList>
      <year>1978</year>
      <title>Heat budget atlas of the tropical Atlantic and eastern Pacific Oceans</title>
      <organization reportID="null" pages="104">University of Wisconsin Press</organization>
   </reference>
   <publicationDate>1989-10-04</publicationDate>
   <contentMetadata>
      <temporal start="9998" end="9998"/>
      <dataType>grids</dataType>
      <format>proprietary_ASCII</format>
      <levels>
         <level type="Ground or water surface" value="0"/>
      </levels>
   </contentMetadata>
</dsOverview>
