<?xml version="1.0" encoding="UTF-8"?>
<dsOverview xmlns:xsi="http://www.w3.org/2001/XMLSchema-instance"
            xmlns="http://www.openarchives.org/OAI/2.0/"
            xsi:schemaLocation="http://rda.ucar.edu/schemas                                         http://rda.ucar.edu/schemas/dsOverview.xsd"
            ID="318.3"
            type="primary">
   <timeStamp value="2008-07-18 15:11:09 -0600"/>
   <continuingUpdate value="no"/>
   <access pricingRate="standard">none_free</access>
   <title>Canadian Climate Centre Model Outputs for Carbon Dioxide Studies</title>
   <summary>
      <p>The second generation General Circulation Model (GCMII) at the Canadian Climate Centre was used to run a CO2 experiment in which the current climate (1xCO2) was compared with a new equilibrium climate obtained with twice the amount of atmospheric CO2 (2xCO2).  The model was run around November 1989 at T32 resolution, and several surface parameters and 500mb heights were output on a 3.75-degree resolution grid.</p>
      <p>For the globe, DSS has monthly 20-year climatologies of some surface parameters.  For a North American window (30x19), DSS has 12-hourly data of several surface parameters and 500mb heights and monthly 10-year climatologies created from the aforementioned data.</p>
   </summary>
   <creator vocabulary="GCMD"
            name="UCAR/NCAR/CISL/DSS &gt; Data Support Section, Computational and Information Systems Laboratory, National Center for Atmospheric Research, University Corporation for Atmospheric Research"/>
   <contributor vocabulary="GCMD"
                name="CA/EC/CCCMA &gt; Canadian Centre for Climate Modelling and Analysis, Environment Canada"
                formerName="Canadian Climate Centre"/>
   <variable vocabulary="GCMD">EARTH SCIENCE &gt; Atmosphere &gt; Atmospheric Water Vapor &gt; Humidity</variable>
   <variable vocabulary="GCMD">EARTH SCIENCE &gt; Atmosphere &gt; Atmospheric Winds &gt; Surface Winds</variable>
   <variable vocabulary="GCMD">EARTH SCIENCE &gt; Land Surface &gt; Surface Radiative Properties &gt; Albedo</variable>
   <variable vocabulary="GCMD">EARTH SCIENCE &gt; Land Surface &gt; Land Temperature &gt; Skin Temperature</variable>
   <variable vocabulary="GCMD">EARTH SCIENCE &gt; Oceans &gt; Ocean Temperature &gt; Sea Surface Temperature</variable>
   <variable vocabulary="GCMD">EARTH SCIENCE &gt; Atmosphere &gt; Atmospheric Pressure &gt; Surface Pressure</variable>
   <variable vocabulary="GCMD">EARTH SCIENCE &gt; Atmosphere &gt; Atmospheric Temperature &gt; Surface Air Temperature</variable>
   <variable vocabulary="GCMD">EARTH SCIENCE &gt; Atmosphere &gt; Atmospheric Radiation &gt; Heat Flux</variable>
   <variable vocabulary="GCMD">EARTH SCIENCE &gt; Oceans &gt; Ocean Heat Budget &gt; Heat Flux</variable>
   <variable vocabulary="GCMD">EARTH SCIENCE &gt; Atmosphere &gt; Precipitation &gt; Precipitation Rate</variable>
   <variable vocabulary="GCMD">EARTH SCIENCE &gt; Atmosphere &gt; Atmospheric Water Vapor &gt; Evaporation</variable>
   <variable vocabulary="GCMD">EARTH SCIENCE &gt; Cryosphere &gt; Sea Ice &gt; Sea Ice Concentration</variable>
   <variable vocabulary="GCMD">EARTH SCIENCE &gt; Hydrosphere &gt; Snow/Ice &gt; Snow Cover</variable>
   <variable vocabulary="GCMD">EARTH SCIENCE &gt; Land Surface &gt; Soils &gt; Soil Moisture/Water Content</variable>
   <variable vocabulary="GCMD">EARTH SCIENCE &gt; Atmosphere &gt; Atmospheric Radiation &gt; Net Radiation</variable>
   <variable vocabulary="GCMD">EARTH SCIENCE &gt; Atmosphere &gt; Clouds &gt; Cloud Amount/Frequency</variable>
   <variable vocabulary="GCMD">EARTH SCIENCE &gt; Atmosphere &gt; Atmospheric Temperature &gt; Maximum/Minimum Temperature</variable>
   <variable vocabulary="GCMD">EARTH SCIENCE &gt; Atmosphere &gt; Altitude &gt; Geopotential Height</variable>
   <variable vocabulary="GCMD">EARTH SCIENCE &gt; Atmosphere &gt; Atmospheric Pressure &gt; Sea Level Pressure</variable>
   <variable vocabulary="GCMD">EARTH SCIENCE &gt; Atmosphere &gt; Atmospheric Radiation &gt; Incoming Solar Radiation</variable>
   <contact>Bob Dattore</contact>
   <platform vocabulary="GCMD">MODELS</platform>
   <platform vocabulary="GCMD">CLIMATE MODELS</platform>
   <supportsProject vocabulary="GCMD">USCSP &gt; U.S. Country Studies Program</supportsProject>
   <topic vocabulary="ISO">climatologyMeteorologyAtmosphere</topic>
   <reference type="journal">
      <authorList>Boer, G.J., N.A. McFarlane, and M. Lazare</authorList>
      <year>1992</year>
      <title>Greenhouse Gas-induced Climate Change Simulated with the CCC Second-Generation General Circulation Model</title>
      <periodical number="5" pages="1045-1077">J. Clim.</periodical>
   </reference>
   <publicationDate>1994-08-26</publicationDate>
   <contentMetadata>
      <temporal start="9998" end="9998" groupID="Entire Dataset"/>
      <temporalFrequency type="regular" number="12" unit="hour"/>
      <temporalFrequency type="climatology" unit="month"/>
      <dataType>grid</dataType>
      <format>proprietary_ASCII</format>
      <detailedVariables>
         <detailedVariable units="deg C">Screen Air Temperature</detailedVariable>
         <detailedVariable units="deg C">Screen Maximum Temperature</detailedVariable>
         <detailedVariable units="deg C">Screen Minimum Temperature</detailedVariable>
         <detailedVariable units="kg kg^-1">Screen Specific Humidity</detailedVariable>
         <detailedVariable units="m s^-1">Anemometer u-wind</detailedVariable>
         <detailedVariable units="m s^-1">Anemometer v-wind</detailedVariable>
         <detailedVariable units="%">Total Cloud Cover</detailedVariable>
         <detailedVariable units="mbar">Surface Pressure</detailedVariable>
         <detailedVariable units="gpm">500 mb Height</detailedVariable>
         <detailedVariable units="deg C">Ground (Skin) Temperature</detailedVariable>
         <detailedVariable units="W m^-2">Ground Energy Balance</detailedVariable>
         <detailedVariable units="%">Surface Albedo</detailedVariable>
         <detailedVariable units="kg m^-2 s^-1">Precipitation</detailedVariable>
         <detailedVariable units="kg m^-2 s^-1">Evaporation (moisture) Flux</detailedVariable>
         <detailedVariable units="W m^-2">Sensible Heat Flux</detailedVariable>
         <detailedVariable units="W m^-2">Net Surface Radiation</detailedVariable>
         <detailedVariable units="kg m^-2">Snow Mass/Area</detailedVariable>
         <detailedVariable units="kg m^-2">Sea-Ice Mass/Area</detailedVariable>
         <detailedVariable units="kg m^-2">Frozen Soil Moisture</detailedVariable>
         <detailedVariable units="kg m^-2">Liquid Soil Moisture</detailedVariable>
      </detailedVariables>
      <levels>
         <level type="Ground or water surface" value="0" units=""/>
         <level type="Isobaric level" value="500" units="mbar"/>
      </levels>
      <geospatialCoverage>
         <grid definition="gaussLatLon"
               numX="97"
               numY="48"
               startLon="0E"
               startLat="87.16S"
               endLon="360E"
               endLat="87.16N"
               xRes="3.75"/>
         <grid definition="gaussLatLon"
               numX="30"
               numY="19"
               startLon="150W"
               startLat="20.41N"
               endLon="41.25W"
               endLat="87.16N"
               xRes="3.75"/>
      </geospatialCoverage>
   </contentMetadata>
</dsOverview>
