<?xml version="1.0" encoding="UTF-8"?>
<dsOverview xmlns:xsi="http://www.w3.org/2001/XMLSchema-instance"
            xmlns="http://www.openarchives.org/OAI/2.0/"
            xsi:schemaLocation="http://rda.ucar.edu/schemas                                         http://rda.ucar.edu/schemas/dsOverview.xsd"
            ID="481.0"
            type="primary">
   <timeStamp value="2013-02-26 16:08:44 -0700"/>
   <continuingUpdate value="no"/>
   <access pricingRate="standard">all_free</access>
   <title>India Precipitation, weekly 1979-1985</title>
   <summary>
      <p>India weekly precipitation, 1979 through 1985, for 34 mainland
              divisions and an island, have been digitized by Eric Smith,
              Florida State University, from India's "Weekly Weather Report",
              provided by D. Sikka.  This is based on the stations that report
              operationally (probably 500-1000 stations).  More stations are
              available in delayed time.  The division precipitation for a
              week is the average of stations that did report during that
              week.  The weeks are continuous.  The division normals for the
              period 1901-1970 are included in the data.</p>
   </summary>
   <creator vocabulary="GCMD"
            name="UCAR/NCAR/CISL/DSS &gt; Data Support Section, Computational and Information Systems Laboratory, National Center for Atmospheric Research, University Corporation for Atmospheric Research"/>
   <contributor vocabulary="GCMD"
                name="FSU/METEO &gt; Meteorology Department, Florida State University"
                contact="Eric A. Smith"/>
   <contributor vocabulary="GCMD"
                name="IN/IMD &gt; India Meteorological Department, India"/>
   <variable vocabulary="GCMD">EARTH SCIENCE &gt; Atmosphere &gt; Precipitation &gt; Precipitation Amount</variable>
   <contact>Bob Dattore</contact>
   <platform vocabulary="GCMD">FIXED OBSERVATION STATIONS</platform>
   <platform vocabulary="GCMD">GROUND STATIONS</platform>
   <platform vocabulary="GCMD">METEOROLOGICAL STATIONS</platform>
   <platform vocabulary="GCMD">WEATHER STATIONS</platform>
   <topic vocabulary="ISO">climatologyMeteorologyAtmosphere</topic>
   <publicationDate>1986-09-03</publicationDate>
   <contentMetadata>
      <temporal start="1979-01" end="1985-12" groupID="Entire Dataset"/>
      <dataType>platform_observation</dataType>
      <format>proprietary_ASCII</format>
      <levels>
         <level type="Ground or water surface" value="0" units=""/>
      </levels>
      <geospatialCoverage>
         <location>Continent &gt; Asia &gt; Southcentral Asia &gt; India</location>
      </geospatialCoverage>
   </contentMetadata>
</dsOverview>
