<?xml version="1.0" encoding="UTF-8"?>
<dsOverview xmlns:xsi="http://www.w3.org/2001/XMLSchema-instance"
            xmlns="http://www.openarchives.org/OAI/2.0/"
            xsi:schemaLocation="http://rda.ucar.edu/schemas                                         http://rda.ucar.edu/schemas/dsOverview.xsd"
            ID="065.0"
            type="primary">
   <timeStamp value="2009-03-04 21:56:19 -0700"/>
   <continuingUpdate value="no"/>
   <access pricingRate="standard">none_free</access>
   <title>NMC B-3 47x51 Northern Hemisphere Vertical Motion Analyses, daily 1958Oct-1972</title>
   <summary>
      <p>This dataset contains various gridded Northern Hemisphere
              tropospheric analyses and 6-hour forecasts produced by NMC's
              operational model for the period October 1958 to December 1972.
              Vertical motion analyses at 650mb and 350mb are available for
              most of the period, and geopotential heights and thicknesses for
              for various levels and layers are available until January 1965.
              Six-hour forecasts of vertical motion cover the period from
              July 1966 to December 1972.  The grid is a 47x51
              polar-stereographic grid centered on the North Pole.</p>
   </summary>
   <creator vocabulary="GCMD"
            name="UCAR/NCAR/CISL/DSS &gt; Data Support Section, Computational and Information Systems Laboratory, National Center for Atmospheric Research, University Corporation for Atmospheric Research"/>
   <contributor vocabulary="GCMD"
                name="DOC/NOAA/NWS/NCEP &gt; National Centers for Environmental Prediction, National Weather Service, NOAA, U.S. Department of Commerce"
                formerName="National Meteorological Center"/>
   <contributor vocabulary="GCMD"
                name="DOC/NOAA/OAR/NSSL &gt; National Severe Storms Laboratory, OAR, NOAA, U.S. Department of Commerce"/>
   <variable vocabulary="GCMD">EARTH SCIENCE &gt; Atmosphere &gt; Atmospheric Winds &gt; Vertical Wind Motion</variable>
   <variable vocabulary="GCMD">EARTH SCIENCE &gt; Atmosphere &gt; Altitude &gt; Geopotential Height</variable>
   <variable vocabulary="GCMD">EARTH SCIENCE &gt; Atmosphere &gt; Atmospheric Winds &gt; Streamfunctions</variable>
   <contact>Bob Dattore</contact>
   <platform vocabulary="GCMD">MODELS</platform>
   <platform vocabulary="GCMD">OPERATIONAL MODELS</platform>
   <topic vocabulary="ISO">climatologyMeteorologyAtmosphere</topic>
   <publicationDate>1980-01-10</publicationDate>
   <contentMetadata>
      <temporal start="1958-10-01 00:00 +0000"
                end="1972-12-31 18:00 +0000"
                groupID="Entire Dataset"/>
      <temporalFrequency type="regular" number="1" unit="day"/>
      <temporalFrequency type="regular" number="1" unit="year"/>
      <temporalFrequency type="regular" number="12" unit="hour"/>
      <temporalFrequency type="regular" number="10" unit="day"/>
      <temporalFrequency type="regular" number="3" unit="day"/>
      <dataType>grid</dataType>
      <dataType>platform_observation</dataType>
      <format href="http://dss.ucar.edu/datasets/common/nmc.octagon/format.html">DSS_Octagonal_Grid</format>
      <geospatialCoverage>
         <grid definition="polarStereographic"
               numX="47"
               numY="51"
               startLon="122.61W"
               startLat="4.86S"
               projLon="80W"
               xRes="381"
               yRes="381"
               pole="N"/>
      </geospatialCoverage>
   </contentMetadata>
</dsOverview>
