<?xml version="1.0" encoding="UTF-8"?>
<dsOverview xmlns:xsi="http://www.w3.org/2001/XMLSchema-instance"
            xmlns="http://www.openarchives.org/OAI/2.0/"
            xsi:schemaLocation="http://rda.ucar.edu/schemas                                         http://rda.ucar.edu/schemas/dsOverview.xsd"
            ID="280.0"
            type="primary">
   <timeStamp value="2011-02-09 09:25:54 -0700"/>
   <continuingUpdate value="no"/>
   <access pricingRate="standard">all_free</access>
   <title>Global Ocean Surface Currents, seasonal climatology, by Noo</title>
   <summary>
      <p>Derived from pilot charts from Noo, of the US Naval
              Oceanographic Office. Based on data from 1901-1978.</p>
   </summary>
   <creator vocabulary="GCMD"
            name="UCAR/NCAR/CISL/DSS &gt; Data Support Section, Computational and Information Systems Laboratory, National Center for Atmospheric Research, University Corporation for Atmospheric Research"/>
   <contributor vocabulary="GCMD"
                name="UCAR/NCAR/CGD/CAS &gt; Climate Analysis Section, Climate and Global Dynamics Division, National Center for Atmospheric Research, University Corporation for Atmospheric Research"
                contact="Gerald Meehl"/>
   <contributor vocabulary="GCMD"
                name="DOD/USNAVY/NAVOCEANO &gt; Naval Oceanographic Office, U.S. Navy, U. S. Department of Defense"/>
   <variable vocabulary="GCMD">EARTH SCIENCE &gt; Oceans &gt; Ocean Circulation &gt; Ocean Currents</variable>
   <contact>Steven Worley</contact>
   <platform vocabulary="GCMD">GRIDDING METHODS</platform>
   <topic vocabulary="ISO">oceans</topic>
   <reference type="technical_report">
      <authorList>Meehl, G.A.</authorList>
      <year>1980</year>
      <title>Observed world ocean seasonal surface currents on a 5-degree grid</title>
      <organization reportID="TN/1A-159+STR" pages="23">National Center for Atmospheric Research</organization>
   </reference>
   <publicationDate>1981-05-11</publicationDate>
   <contentMetadata>
      <temporal start="1901" end="1978" groupID="Entire Dataset"/>
      <temporalFrequency type="climatology" unit="year"/>
      <dataType>grid</dataType>
      <format>proprietary_ASCII</format>
      <format>proprietary_Binary</format>
      <levels>
         <level type="Ground or water surface" value="0" units=""/>
      </levels>
      <geospatialCoverage>
         <grid definition="latLon"
               numX="72"
               numY="37"
               startLon="180E"
               startLat="90.0S"
               endLon="175E"
               endLat="90.0S"
               xRes="5"
               yRes="5"/>
      </geospatialCoverage>
   </contentMetadata>
</dsOverview>
