<?xml version="1.0" encoding="UTF-8"?>
<dsOverview xmlns:xsi="http://www.w3.org/2001/XMLSchema-instance"
            xmlns="http://www.openarchives.org/OAI/2.0/"
            xsi:schemaLocation="http://rda.ucar.edu/schemas                                         http://rda.ucar.edu/schemas/dsOverview.xsd"
            ID="233.5"
            type="primary">
   <timeStamp value="2009-05-06 13:32:37 -0600"/>
   <continuingUpdate value="no"/>
   <access pricingRate="standard">all_free</access>
   <title>Arctic Sea Ice Thickness Climatology</title>
   <summary>
      <p>Seasonal longterm climatology of sea ice thickness in the
              arctic digitized by Benjamin Felzer from Bourke and Garrett
              maps from submarine underice sonar profiles.</p>
   </summary>
   <creator vocabulary="GCMD"
            name="UCAR/NCAR/CISL/DSS &gt; Data Support Section, Computational and Information Systems Laboratory, National Center for Atmospheric Research, University Corporation for Atmospheric Research"/>
   <contributor vocabulary="GCMD"
                name="UCAR/NCAR/CGD &gt; Climate and Global Dynamics Division, National Center for Atmospheric Research, University Corporation for Atmospheric Research"
                contact="Benjamin Felzer"/>
   <variable vocabulary="GCMD">EARTH SCIENCE &gt; Oceans &gt; Sea Ice &gt; Ice Extent</variable>
   <variable vocabulary="GCMD">EARTH SCIENCE &gt; Cryosphere &gt; Sea Ice &gt; Ice Depth/Thickness</variable>
   <contact>Steven Worley</contact>
   <platform vocabulary="GCMD">MAPS</platform>
   <topic vocabulary="ISO">climatologyMeteorologyAtmosphere</topic>
   <reference type="journal">
      <authorList>Bourke, R.H. and R.P. Garrett</authorList>
      <year>1987</year>
      <title>Sea ice thickness distribution in the Arctic Ocean</title>
      <periodical number="13" pages="259-280">Cold Regions Sci. and Tech.</periodical>
   </reference>
   <publicationDate>1997-01-07</publicationDate>
   <contentMetadata>
      <temporal start="1960" end="1982" groupID="Entire Dataset"/>
      <temporalFrequency type="climatology" unit="winter"/>
      <temporalFrequency type="climatology" unit="spring"/>
      <temporalFrequency type="climatology" unit="summer"/>
      <temporalFrequency type="climatology" unit="autumn"/>
      <dataType>grid</dataType>
      <format>proprietary_ASCII</format>
      <levels>
         <level type="Ground or water surface" value="0" units=""/>
      </levels>
      <geospatialCoverage>
         <grid definition="latLon"
               numX="360"
               numY="25"
               startLon="179.5W"
               startLat="89.5N"
               endLon="179.5E"
               endLat="65.5N"
               xRes="1"
               yRes="1"/>
         <grid definition="polarStereographic"
               numX="141"
               numY="141"
               startLon="45W"
               startLat="54.94N"
               projLon="0E"
               xRes="37.93"
               yRes="37.93"
               pole="N"/>
      </geospatialCoverage>
   </contentMetadata>
</dsOverview>
