<?xml version="1.0" encoding="UTF-8"?>
<dsOverview xmlns:xsi="http://www.w3.org/2001/XMLSchema-instance"
            xmlns="http://www.openarchives.org/OAI/2.0/"
            xsi:schemaLocation="http://rda.ucar.edu/schemas                                         http://rda.ucar.edu/schemas/dsOverview.xsd"
            ID="572.0"
            type="primary">
   <timeStamp value="2007-01-05 13:12:24 -0700"/>
   <continuingUpdate value="no"/>
   <access pricingRate="standard">all_free</access>
   <title>Harnack's South American Precipitation, monthly 1891-1983</title>
   <summary>
      <p>Monthly precipitation for South American stations for 1891
              to 1983.</p>
   </summary>
   <creator vocabulary="GCMD"
            name="UCAR/NCAR/CISL/DSS &gt; Data Support Section,Scientific Computing Division, National Center for Atmospheric Research, University Corporation for Atmospheric Research"/>
   <contributor vocabulary="GCMD"
                name="RUTGERS/CC/DES &gt; Department of Environmental Science, Cook College, Rutgers University"
                contact="Bob Harnack;Jeremi Harnack"/>
   <contributor vocabulary="GCMD"
                name="UCAR/NCAR/CISL/DSS &gt; Data Support Section, Computational and Information Systems Laboratory, National Center for Atmospheric Research, University Corporation for Atmospheric Research"
                formerName="UCAR/NCAR/CISL/DSS &gt; Data Support Section, Scientific Computing Division, National Center for Atmospheric Research, University Corporation for Atmospheric Research"/>
   <variable vocabulary="GCMD">EARTH SCIENCE &gt; Atmosphere &gt; Precipitation &gt; Precipitation Amount</variable>
   <contact>Will Spangler</contact>
   <platform vocabulary="GCMD">FIXED OBSERVATION STATIONS</platform>
   <platform vocabulary="GCMD">GROUND STATIONS</platform>
   <platform vocabulary="GCMD">WEATHER STATIONS</platform>
   <topic vocabulary="ISO">climatologyMeteorologyAtmosphere</topic>
   <publicationDate>1986-06-23</publicationDate>
   <contentMetadata>
      <temporal start="1891-01" end="1983-12"/>
      <dataType>platform_observations</dataType>
      <format>proprietary_Binary</format>
      <format>proprietary_ASCII</format>
      <levels>
         <level type="Ground or water surface" value="0"/>
      </levels>
   </contentMetadata>
</dsOverview>
