<?xml version="1.0" encoding="UTF-8"?>
<dsOverview xmlns:xsi="http://www.w3.org/2001/XMLSchema-instance"
            xmlns="http://www.openarchives.org/OAI/2.0/"
            xsi:schemaLocation="http://rda.ucar.edu/schemas                                         http://rda.ucar.edu/schemas/dsOverview.xsd"
            ID="277.6"
            type="primary">
   <timeStamp value="2015-07-21 21:46:10 -0600"/>
   <continuingUpdate value="yes" frequency="monthly"/>
   <title>NCEP Global Ocean Data Assimilation System (GODAS)</title>
   <summary>
      <p>The National Centers for Environmental Prediction  (NCEP) uses a
              <a href="http://www.cpc.ncep.noaa.gov/products/GODAS/">Global
              Ocean Data Assimilation System (GODAS)</a> to routinely produce
              monthly and pentad (5-day) mean global ocean gridded data.
              The analysis system, that was originally applied only to the tropical
              Pacific, has evolved to use GFDL MOM v3 model and give near global coverage.
              Briefly, the model domain specifications are  65N to 75S, 1 degree
              resolution with 1/3 degree resolution within 10 degree of the equator,
              40 levels and 10 meter resolution in the upper 200 meters. These data are a
              valuable community asset for monitoring different aspects of ocean
              climate variability.
              </p>
      <p>Reference
              <a href="http://www.cgd.ucar.edu/cas/catalog/ocean/godas_variable.shtml">
              Time series of monthly averages by variable derived from GODAS operational
              datasets</a> for monthly averaged data in NetCDF format.
              </p>
   </summary>
   <creator vocabulary="GCMD"
            name="UCAR/NCAR/CISL/DSS &gt; Data Support Section, Computational and Information Systems Laboratory, National Center for Atmospheric Research, University Corporation for Atmospheric Research"/>
   <contributor vocabulary="GCMD"
                name="DOC/NOAA/NWS/NCEP &gt; National Centers for Environmental Prediction, National Weather Service, NOAA, U.S. Department of Commerce"
                citable="yes"/>
   <variable vocabulary="GCMD">EARTH SCIENCE &gt; Oceans &gt; Salinity/Density &gt; Salinity</variable>
   <variable vocabulary="GCMD">EARTH SCIENCE &gt; Atmosphere &gt; Atmospheric Winds &gt; Vertical Wind Motion</variable>
   <variable vocabulary="GCMD">EARTH SCIENCE &gt; Oceans &gt; Ocean Circulation &gt; Ocean Currents</variable>
   <variable vocabulary="GCMD">EARTH SCIENCE &gt; Oceans &gt; Ocean Temperature &gt; Potential Temperature</variable>
   <contact>Zaihua Ji</contact>
   <platform vocabulary="GCMD">MODELS</platform>
   <platform vocabulary="GCMD">NCEP-GODAS &gt; NCEP Global Ocean Data Assimilation System</platform>
   <topic vocabulary="ISO">oceans</topic>
   <reference type="journal">
      <authorList>Huang, Boyin, Yan Xue, Dongxiao Zhang, Arun Kumar, Michael J. McPhaden</authorList>
      <year>2010</year>
      <title>The NCEP GODAS Ocean Analysis of the Tropical Pacific Mixed Layer Heat Budget on Seasonal to Interannual Time Scales</title>
      <periodical number="23" pages="4901-4925">J. Climate</periodical>
      <doi>10.1175/2010JCLI3373.1</doi>
   </reference>
   <referenceURL url="http://dss.ucar.edu/datasets/ds277.6/docs/introduction_godas.pdf">See the publications listed in introduction_godas.pdf</referenceURL>
   <relatedResource url="http://www.cpc.ncep.noaa.gov/products/GODAS/">NCEP Global Ocean Data Assimilation System (GODAS)</relatedResource>
   <relatedResource url="http://www.clivar.org/panels-and-working-groups/gsop/synthesis/synthesis.php">CLIVAR/GODAE Meeting on Ocean Synthesis Evaluation,  08/31-09/01,2006</relatedResource>
   <relatedResource url="http://www.esrl.noaa.gov/psd/data/gridded/data.godas.html">NOAA/ESRL GODAS in netCDF format</relatedResource>
   <relatedDataset ID="277.1"/>
   <publicationDate>2006-07-20</publicationDate>
   <contentMetadata>
      <temporal start="1980-01-01 00:00 +0000"
                end="2015-10-31 00:00 +0000"
                groupID="Entire Dataset"/>
      <temporalFrequency type="regular" number="5" unit="hour"/>
      <dataType>grid</dataType>
      <dataType>platform_observation</dataType>
      <format href="http://dss.ucar.edu/docs/formats/grib/gribdoc/">WMO_GRIB1</format>
      <geospatialCoverage>
         <grid definition="latLon"
               numX="360"
               numY="418"
               startLon="0.5E"
               startLat="74.5S"
               endLon="359.5E"
               endLat="64.499N"
               xRes="1"
               yRes="0.333"/>
      </geospatialCoverage>
      <geospatialCoverage>
         <grid definition="latLon"
               numX="360"
               numY="418"
               startLon="1E"
               startLat="74S"
               endLon="360E"
               endLat="64.999N"
               xRes="1"
               yRes="0.333"/>
      </geospatialCoverage>
   </contentMetadata>
</dsOverview>
