<?xml version="1.0" encoding="UTF-8"?>
<dsOverview xmlns:xsi="http://www.w3.org/2001/XMLSchema-instance"
            xmlns="http://www.openarchives.org/OAI/2.0/"
            xsi:schemaLocation="http://rda.ucar.edu/schemas                                         http://rda.ucar.edu/schemas/dsOverview.xsd"
            ID="252.0"
            type="historical">
   <timeStamp value="2011-02-09 09:20:27 -0700"/>
   <continuingUpdate value="no"/>
   <access pricingRate="standard">none_free</access>
   <title>U.K. Global Permanent Service Mean Sea Level (PSMSL) Observations</title>
   <summary>
      <p>NOTE: THIS DATASET HAS BEEN SUPERSEDED BY OTHER DATASETS.  See
              the links section below.</p>
   </summary>
   <creator vocabulary="GCMD"
            name="UCAR/NCAR/CISL/DSS &gt; Data Support Section, Computational and Information Systems Laboratory, National Center for Atmospheric Research, University Corporation for Atmospheric Research"/>
   <contributor vocabulary="GCMD"
                name="GB/NERC/BODC &gt; British Oceanographic Data Centre, Natural Environment Research Council, United Kingdom"/>
   <variable vocabulary="GCMD">EARTH SCIENCE &gt; Oceans &gt; Coastal Processes &gt; Sea Level Rise</variable>
   <contact>Steven Worley</contact>
   <platform vocabulary="GCMD">COASTAL STATIONS</platform>
   <topic vocabulary="ISO">oceans</topic>
   <relatedResource url="http://uhslc.soest.hawaii.edu">University of Hawaii Sea Level Data Center</relatedResource>
   <publicationDate>1989-06-27</publicationDate>
   <contentMetadata>
      <temporal start="1872" end="1987" groupID="Entire Dataset"/>
      <dataType>platform_observation</dataType>
      <format>proprietary_ASCII</format>
      <levels>
         <level type="Ground or water surface" value="0" units=""/>
      </levels>
   </contentMetadata>
</dsOverview>
