<?xml version="1.0" encoding="UTF-8"?>
<dsOverview xmlns:xsi="http://www.w3.org/2001/XMLSchema-instance"
            xmlns="http://www.openarchives.org/OAI/2.0/"
            xsi:schemaLocation="http://rda.ucar.edu/schemas                                         http://rda.ucar.edu/schemas/dsOverview.xsd"
            ID="513.0"
            type="primary">
   <timeStamp value="2007-10-09 10:19:51 -0600"/>
   <continuingUpdate value="no"/>
   <access pricingRate="standard">all_free</access>
   <title>May's Global Surface Temperature Climate Analyses, daily 1979-1989Jun</title>
   <summary>
      <p>This dataset contains ensemble means and standard deviations computed for daily temperature minimum and maximum, daily mean temperature and the difference between the daily minimum and maximum for 3,905 global land stations.  Both smoothed and unsmoothed means and standard deviations are computed
              using data from the period January, 1979 thru June, 1989.</p>
      <p>Data is also available on a 2.5 degree latitude-longitude grid.  Fields available on these grids include monthly mean daily minimum, maximum and mean temperature and the temperature difference.  Annual mean daily minimum,maximum and mean temperatures are also available on the 2.5 degree grid. Several other statistical quantities are also available on this grid. </p>
      <p> Please see "The Annual Variation of Surface Temperature over the World" NCAR tech note NCAT/TN-372+str for more information about the
              data available in this dataset.</p>
   </summary>
   <creator vocabulary="GCMD"
            name="UCAR/NCAR/CISL/DSS &gt; Data Support Section, Scientific Computing Division, National Center for Atmospheric Research, University Corporation for Atmospheric Research"/>
   <contributor vocabulary="GCMD"
                name="UCAR/NCAR/CGD/CAS &gt; Climate Analysis Section, Climate and Global Dynamics Division, National Center for Atmospheric Research, University Corporation for Atmospheric Research"
                contact="Dennis Shea"/>
   <variable vocabulary="GCMD">EARTH SCIENCE &gt; Atmosphere &gt; Atmospheric Temperature &gt; Air Temperature</variable>
   <contact>Steven Worley</contact>
   <platform vocabulary="GCMD">FIXED OBSERVATION STATIONS</platform>
   <platform vocabulary="GCMD">GROUND STATIONS</platform>
   <platform vocabulary="GCMD">METEOROLOGICAL STATIONS</platform>
   <platform vocabulary="GCMD">WEATHER STATIONS</platform>
   <platform vocabulary="GCMD">GRIDDING METHODS</platform>
   <topic vocabulary="ISO">climatologyMeteorologyAtmosphere</topic>
   <reference type="technical_report">
      <authorList>Shea, D.J., and R.A. Madden</authorList>
      <year>1992</year>
      <title>The Annual Variation of Surface Temperatures over the World Wilhelm May</title>
      <organization reportID="TN-372+STR" pages="145">National Center for Atmospheric Research</organization>
   </reference>
   <publicationDate>1992-07-08</publicationDate>
   <contentMetadata>
      <temporal start="1979-01" end="1989-06" groupID="Entire Dataset"/>
      <temporalFrequency type="climatology" unit="day"/>
      <dataType>grid</dataType>
      <dataType>platform_observation</dataType>
      <format>proprietary_ASCII</format>
      <format>proprietary_Binary</format>
      <levels>
         <level type="Ground or water surface" value="0" units=""/>
      </levels>
      <geospatialCoverage>
         <grid definition="latLon"
               numX="145"
               numY="73"
               startLon="180W"
               startLat="90S"
               endLon="180E"
               endLat="90N"
               xRes="2.5"
               yRes="2.5"/>
      </geospatialCoverage>
   </contentMetadata>
</dsOverview>
